experiment_index,experiment_file,experiment_id,linked_claim,evidence_bucket,role,synthetic_or_real,supports_or_weakens,usable_for_report
1,viruse_fabric/experiments/exp_01_projection.py,exp_01_projection,none,IRRELEVANT_OR_UNUSABLE,not clearly mappable to VF-H2 proof claim,synthetic_toy_only_not_real_bio,not_a_proof; evidence_classification_only,no
2,viruse_fabric/experiments/exp_02_counterfactual.py,exp_02_counterfactual,none,IRRELEVANT_OR_UNUSABLE,not clearly mappable to VF-H2 proof claim,synthetic_toy_only_not_real_bio,not_a_proof; evidence_classification_only,no
3,viruse_fabric/experiments/exp_03_intervention.py,exp_03_intervention,none,IRRELEVANT_OR_UNUSABLE,not clearly mappable to VF-H2 proof claim,synthetic_toy_only_not_real_bio,not_a_proof; evidence_classification_only,no
4,viruse_fabric/experiments/exp_04_critical_review.py,exp_04_critical_review,none,IRRELEVANT_OR_UNUSABLE,not clearly mappable to VF-H2 proof claim,synthetic_toy_only_not_real_bio,not_a_proof; evidence_classification_only,no
5,viruse_fabric/experiments/exp_05_spacetime_coupling.py,exp_05_spacetime_coupling,none,IRRELEVANT_OR_UNUSABLE,not clearly mappable to VF-H2 proof claim,synthetic_toy_only_not_real_bio,not_a_proof; evidence_classification_only,no
6,viruse_fabric/experiments/exp_06_critical_after_coupling.py,exp_06_critical_after_coupling,none,IRRELEVANT_OR_UNUSABLE,not clearly mappable to VF-H2 proof claim,synthetic_toy_only_not_real_bio,not_a_proof; evidence_classification_only,no
7,viruse_fabric/experiments/exp_07_rich_projection.py,exp_07_rich_projection,none,IRRELEVANT_OR_UNUSABLE,not clearly mappable to VF-H2 proof claim,synthetic_toy_only_not_real_bio,not_a_proof; evidence_classification_only,no
8,viruse_fabric/experiments/exp_08_rich_critical_review.py,exp_08_rich_critical_review,none,IRRELEVANT_OR_UNUSABLE,not clearly mappable to VF-H2 proof claim,synthetic_toy_only_not_real_bio,not_a_proof; evidence_classification_only,no
9,viruse_fabric/experiments/exp_09_causal_curvature.py,exp_09_causal_curvature,none,IRRELEVANT_OR_UNUSABLE,not clearly mappable to VF-H2 proof claim,synthetic_toy_only_not_real_bio,not_a_proof; evidence_classification_only,no
10,viruse_fabric/experiments/exp_100_formal_definition_pre_execution_checklist_completion.py,exp_100_formal_definition_pre_execution_checklist_completion,none,IRRELEVANT_OR_UNUSABLE,not clearly mappable to VF-H2 proof claim,synthetic_toy_only_not_real_bio,not_a_proof; evidence_classification_only,no
11,viruse_fabric/experiments/exp_101_formal_definition_checklist_completion_approval_plan.py,exp_101_formal_definition_checklist_completion_approval_plan,none,IRRELEVANT_OR_UNUSABLE,not clearly mappable to VF-H2 proof claim,synthetic_toy_only_not_real_bio,not_a_proof; evidence_classification_only,no
12,viruse_fabric/experiments/exp_102_formal_definition_checklist_completion_approval_execution.py,exp_102_formal_definition_checklist_completion_approval_execution,none,IRRELEVANT_OR_UNUSABLE,not clearly mappable to VF-H2 proof claim,synthetic_toy_only_not_real_bio,not_a_proof; evidence_classification_only,no
13,viruse_fabric/experiments/exp_103_formal_definition_execution_readiness_approval_plan.py,exp_103_formal_definition_execution_readiness_approval_plan,none,IRRELEVANT_OR_UNUSABLE,not clearly mappable to VF-H2 proof claim,synthetic_toy_only_not_real_bio,not_a_proof; evidence_classification_only,no
14,viruse_fabric/experiments/exp_104_formal_definition_execution_readiness_approval_execution.py,exp_104_formal_definition_execution_readiness_approval_execution,none,IRRELEVANT_OR_UNUSABLE,not clearly mappable to VF-H2 proof claim,synthetic_toy_only_not_real_bio,not_a_proof; evidence_classification_only,no
15,viruse_fabric/experiments/exp_105_controlled_formal_definition_execution_plan.py,exp_105_controlled_formal_definition_execution_plan,none,IRRELEVANT_OR_UNUSABLE,not clearly mappable to VF-H2 proof claim,synthetic_toy_only_not_real_bio,not_a_proof; evidence_classification_only,no
16,viruse_fabric/experiments/exp_106_controlled_formal_definition_execution.py,exp_106_controlled_formal_definition_execution,none,IRRELEVANT_OR_UNUSABLE,not clearly mappable to VF-H2 proof claim,synthetic_toy_only_not_real_bio,not_a_proof; evidence_classification_only,no
17,viruse_fabric/experiments/exp_107_controlled_formal_definition_execution_trace_audit.py,exp_107_controlled_formal_definition_execution_trace_audit,none,IRRELEVANT_OR_UNUSABLE,not clearly mappable to VF-H2 proof claim,synthetic_toy_only_not_real_bio,not_a_proof; evidence_classification_only,no
18,viruse_fabric/experiments/exp_108_controlled_formal_definition_completion_readiness_plan.py,exp_108_controlled_formal_definition_completion_readiness_plan,none,IRRELEVANT_OR_UNUSABLE,not clearly mappable to VF-H2 proof claim,synthetic_toy_only_not_real_bio,not_a_proof; evidence_classification_only,no
19,viruse_fabric/experiments/exp_109_controlled_formal_definition_completion_readiness_decision_plan.py,exp_109_controlled_formal_definition_completion_readiness_decision_plan,none,IRRELEVANT_OR_UNUSABLE,not clearly mappable to VF-H2 proof claim,synthetic_toy_only_not_real_bio,not_a_proof; evidence_classification_only,no
20,viruse_fabric/experiments/exp_10_causal_geodesic.py,exp_10_causal_geodesic,none,IRRELEVANT_OR_UNUSABLE,not clearly mappable to VF-H2 proof claim,synthetic_toy_only_not_real_bio,not_a_proof; evidence_classification_only,no
21,viruse_fabric/experiments/exp_110_controlled_formal_definition_completion_readiness_decision_execution.py,exp_110_controlled_formal_definition_completion_readiness_decision_execution,none,IRRELEVANT_OR_UNUSABLE,not clearly mappable to VF-H2 proof claim,synthetic_toy_only_not_real_bio,not_a_proof; evidence_classification_only,no
22,viruse_fabric/experiments/exp_111_controlled_formal_definition_completion_attempt_plan.py,exp_111_controlled_formal_definition_completion_attempt_plan,none,IRRELEVANT_OR_UNUSABLE,not clearly mappable to VF-H2 proof claim,synthetic_toy_only_not_real_bio,not_a_proof; evidence_classification_only,no
23,viruse_fabric/experiments/exp_112_controlled_formal_definition_completion_attempt_execution.py,exp_112_controlled_formal_definition_completion_attempt_execution,none,IRRELEVANT_OR_UNUSABLE,not clearly mappable to VF-H2 proof claim,synthetic_toy_only_not_real_bio,not_a_proof; evidence_classification_only,no
24,viruse_fabric/experiments/exp_113_controlled_formal_definition_completion_approval_plan.py,exp_113_controlled_formal_definition_completion_approval_plan,none,IRRELEVANT_OR_UNUSABLE,not clearly mappable to VF-H2 proof claim,synthetic_toy_only_not_real_bio,not_a_proof; evidence_classification_only,no
25,viruse_fabric/experiments/exp_114_controlled_formal_definition_completion_approval_decision_plan.py,exp_114_controlled_formal_definition_completion_approval_decision_plan,none,IRRELEVANT_OR_UNUSABLE,not clearly mappable to VF-H2 proof claim,synthetic_toy_only_not_real_bio,not_a_proof; evidence_classification_only,no
26,viruse_fabric/experiments/exp_115_controlled_formal_definition_completion_approval_decision_execution.py,exp_115_controlled_formal_definition_completion_approval_decision_execution,none,IRRELEVANT_OR_UNUSABLE,not clearly mappable to VF-H2 proof claim,synthetic_toy_only_not_real_bio,not_a_proof; evidence_classification_only,no
27,viruse_fabric/experiments/exp_116_controlled_formal_definition_completion_approval_execution_plan.py,exp_116_controlled_formal_definition_completion_approval_execution_plan,none,IRRELEVANT_OR_UNUSABLE,not clearly mappable to VF-H2 proof claim,synthetic_toy_only_not_real_bio,not_a_proof; evidence_classification_only,no
28,viruse_fabric/experiments/exp_117_controlled_formal_definition_completion_approval_execution_readiness_audit.py,exp_117_controlled_formal_definition_completion_approval_execution_readiness_audit,none,IRRELEVANT_OR_UNUSABLE,not clearly mappable to VF-H2 proof claim,synthetic_toy_only_not_real_bio,not_a_proof; evidence_classification_only,no
29,viruse_fabric/experiments/exp_118_controlled_formal_definition_completion_approval_execution_transition_decision_plan.py,exp_118_controlled_formal_definition_completion_approval_execution_transition_decision_plan,none,IRRELEVANT_OR_UNUSABLE,not clearly mappable to VF-H2 proof claim,synthetic_toy_only_not_real_bio,not_a_proof; evidence_classification_only,no
30,viruse_fabric/experiments/exp_119_controlled_formal_definition_completion_approval_execution_transition_decision_execution.py,exp_119_controlled_formal_definition_completion_approval_execution_transition_decision_execution,none,IRRELEVANT_OR_UNUSABLE,not clearly mappable to VF-H2 proof claim,synthetic_toy_only_not_real_bio,not_a_proof; evidence_classification_only,no
31,viruse_fabric/experiments/exp_11_attractor_classifier.py,exp_11_attractor_classifier,none,IRRELEVANT_OR_UNUSABLE,not clearly mappable to VF-H2 proof claim,synthetic_toy_only_not_real_bio,not_a_proof; evidence_classification_only,no
32,viruse_fabric/experiments/exp_120_controlled_formal_definition_completion_approval_execution_preflight_plan.py,exp_120_controlled_formal_definition_completion_approval_execution_preflight_plan,none,IRRELEVANT_OR_UNUSABLE,not clearly mappable to VF-H2 proof claim,synthetic_toy_only_not_real_bio,not_a_proof; evidence_classification_only,no
33,viruse_fabric/experiments/exp_121_controlled_formal_definition_completion_approval_execution_preflight_execution.py,exp_121_controlled_formal_definition_completion_approval_execution_preflight_execution,none,IRRELEVANT_OR_UNUSABLE,not clearly mappable to VF-H2 proof claim,synthetic_toy_only_not_real_bio,not_a_proof; evidence_classification_only,no
34,viruse_fabric/experiments/exp_122_controlled_formal_definition_completion_approval_execution_preflight_decision_plan.py,exp_122_controlled_formal_definition_completion_approval_execution_preflight_decision_plan,none,IRRELEVANT_OR_UNUSABLE,not clearly mappable to VF-H2 proof claim,synthetic_toy_only_not_real_bio,not_a_proof; evidence_classification_only,no
35,viruse_fabric/experiments/exp_123_controlled_formal_definition_completion_approval_execution_preflight_decision_execution.py,exp_123_controlled_formal_definition_completion_approval_execution_preflight_decision_execution,none,IRRELEVANT_OR_UNUSABLE,not clearly mappable to VF-H2 proof claim,synthetic_toy_only_not_real_bio,not_a_proof; evidence_classification_only,no
36,viruse_fabric/experiments/exp_124_controlled_formal_definition_completion_approval_execution_preflight_approval_plan.py,exp_124_controlled_formal_definition_completion_approval_execution_preflight_approval_plan,none,IRRELEVANT_OR_UNUSABLE,not clearly mappable to VF-H2 proof claim,synthetic_toy_only_not_real_bio,not_a_proof; evidence_classification_only,no
37,viruse_fabric/experiments/exp_125_controlled_formal_definition_completion_approval_execution_preflight_approval_execution.py,exp_125_controlled_formal_definition_completion_approval_execution_preflight_approval_execution,none,IRRELEVANT_OR_UNUSABLE,not clearly mappable to VF-H2 proof claim,synthetic_toy_only_not_real_bio,not_a_proof; evidence_classification_only,no
38,viruse_fabric/experiments/exp_126_controlled_formal_definition_completion_approval_execution_gate_plan.py,exp_126_controlled_formal_definition_completion_approval_execution_gate_plan,none,IRRELEVANT_OR_UNUSABLE,not clearly mappable to VF-H2 proof claim,synthetic_toy_only_not_real_bio,not_a_proof; evidence_classification_only,no
39,viruse_fabric/experiments/exp_127_controlled_formal_definition_completion_approval_execution_gate_execution.py,exp_127_controlled_formal_definition_completion_approval_execution_gate_execution,none,IRRELEVANT_OR_UNUSABLE,not clearly mappable to VF-H2 proof claim,synthetic_toy_only_not_real_bio,not_a_proof; evidence_classification_only,no
40,viruse_fabric/experiments/exp_128_controlled_formal_definition_completion_approval_execution_authorization_plan.py,exp_128_controlled_formal_definition_completion_approval_execution_authorization_plan,none,IRRELEVANT_OR_UNUSABLE,not clearly mappable to VF-H2 proof claim,synthetic_toy_only_not_real_bio,not_a_proof; evidence_classification_only,no
41,viruse_fabric/experiments/exp_129_controlled_formal_definition_completion_approval_execution_authorization_execution.py,exp_129_controlled_formal_definition_completion_approval_execution_authorization_execution,none,IRRELEVANT_OR_UNUSABLE,not clearly mappable to VF-H2 proof claim,synthetic_toy_only_not_real_bio,not_a_proof; evidence_classification_only,no
42,viruse_fabric/experiments/exp_12_apparent_targeting_index.py,exp_12_apparent_targeting_index,none,IRRELEVANT_OR_UNUSABLE,not clearly mappable to VF-H2 proof claim,synthetic_toy_only_not_real_bio,not_a_proof; evidence_classification_only,no
43,viruse_fabric/experiments/exp_130_formal_proof_track_entry_and_proof_obligation_plan.py,exp_130_formal_proof_track_entry_and_proof_obligation_plan,none,IRRELEVANT_OR_UNUSABLE,not clearly mappable to VF-H2 proof claim,synthetic_toy_only_not_real_bio,not_a_proof; evidence_classification_only,no
44,viruse_fabric/experiments/exp_131_proof_obligation_registry_execution.py,exp_131_proof_obligation_registry_execution,none,IRRELEVANT_OR_UNUSABLE,not clearly mappable to VF-H2 proof claim,synthetic_toy_only_not_real_bio,not_a_proof; evidence_classification_only,no
45,viruse_fabric/experiments/exp_132_formal_definition_candidate_registry.py,exp_132_formal_definition_candidate_registry,none,IRRELEVANT_OR_UNUSABLE,not clearly mappable to VF-H2 proof claim,synthetic_toy_only_not_real_bio,not_a_proof; evidence_classification_only,no
46,viruse_fabric/experiments/exp_133_theorem_and_lemma_skeleton_plan.py,exp_133_theorem_and_lemma_skeleton_plan,none,IRRELEVANT_OR_UNUSABLE,not clearly mappable to VF-H2 proof claim,synthetic_toy_only_not_real_bio,not_a_proof; evidence_classification_only,no
47,viruse_fabric/experiments/exp_134_proof_strategy_plan.py,exp_134_proof_strategy_plan,none,IRRELEVANT_OR_UNUSABLE,not clearly mappable to VF-H2 proof claim,synthetic_toy_only_not_real_bio,not_a_proof; evidence_classification_only,no
48,viruse_fabric/experiments/exp_135_proof_environment_selection_and_first_proof_attempt_plan.py,exp_135_proof_environment_selection_and_first_proof_attempt_plan,none,IRRELEVANT_OR_UNUSABLE,not clearly mappable to VF-H2 proof claim,synthetic_toy_only_not_real_bio,not_a_proof; evidence_classification_only,no
49,viruse_fabric/experiments/exp_136_first_manual_proof_attempt_execution.py,exp_136_first_manual_proof_attempt_execution,none,IRRELEVANT_OR_UNUSABLE,not clearly mappable to VF-H2 proof claim,synthetic_toy_only_not_real_bio,not_a_proof; evidence_classification_only,no
50,viruse_fabric/experiments/exp_137_manual_proof_attempt_gap_audit.py,exp_137_manual_proof_attempt_gap_audit,none,IRRELEVANT_OR_UNUSABLE,not clearly mappable to VF-H2 proof claim,synthetic_toy_only_not_real_bio,not_a_proof; evidence_classification_only,no
51,viruse_fabric/experiments/exp_138_formal_definition_completion_targeting_plan.py,exp_138_formal_definition_completion_targeting_plan,none,IRRELEVANT_OR_UNUSABLE,not clearly mappable to VF-H2 proof claim,synthetic_toy_only_not_real_bio,not_a_proof; evidence_classification_only,no
52,viruse_fabric/experiments/exp_139_formal_definition_completion_execution_authorization_plan.py,exp_139_formal_definition_completion_execution_authorization_plan,none,IRRELEVANT_OR_UNUSABLE,not clearly mappable to VF-H2 proof claim,synthetic_toy_only_not_real_bio,not_a_proof; evidence_classification_only,no
53,viruse_fabric/experiments/exp_13_viral_scenario_layer.py,exp_13_viral_scenario_layer,none,IRRELEVANT_OR_UNUSABLE,not clearly mappable to VF-H2 proof claim,synthetic_toy_only_not_real_bio,not_a_proof; evidence_classification_only,no
54,viruse_fabric/experiments/exp_140_formal_definition_completion_execution_authorization.py,exp_140_formal_definition_completion_execution_authorization,none,IRRELEVANT_OR_UNUSABLE,not clearly mappable to VF-H2 proof claim,synthetic_toy_only_not_real_bio,not_a_proof; evidence_classification_only,no
55,viruse_fabric/experiments/exp_141_first_controlled_formal_definition_drafting_execution.py,exp_141_first_controlled_formal_definition_drafting_execution,none,IRRELEVANT_OR_UNUSABLE,not clearly mappable to VF-H2 proof claim,synthetic_toy_only_not_real_bio,not_a_proof; evidence_classification_only,no
56,viruse_fabric/experiments/exp_142_drafted_formal_definition_boundary_audit.py,exp_142_drafted_formal_definition_boundary_audit,CLAIM-VF-H2-C-or-D,TESTS_BOUNDARY,tests restricted assumptions or boundary of generalization,synthetic_toy_only_not_real_bio,not_a_proof; evidence_classification_only,yes_boundary_only
57,viruse_fabric/experiments/exp_143_draft_boundary_resolution_targeting_plan.py,exp_143_draft_boundary_resolution_targeting_plan,CLAIM-VF-H2-C-or-D,TESTS_BOUNDARY,tests restricted assumptions or boundary of generalization,synthetic_toy_only_not_real_bio,not_a_proof; evidence_classification_only,yes_boundary_only
58,viruse_fabric/experiments/exp_144_draft_boundary_resolution_authorization_plan.py,exp_144_draft_boundary_resolution_authorization_plan,CLAIM-VF-H2-C-or-D,TESTS_BOUNDARY,tests restricted assumptions or boundary of generalization,synthetic_toy_only_not_real_bio,not_a_proof; evidence_classification_only,yes_boundary_only
59,viruse_fabric/experiments/exp_145_first_minimal_formal_lemma_proof_execution.py,exp_145_first_minimal_formal_lemma_proof_execution,none,IRRELEVANT_OR_UNUSABLE,not clearly mappable to VF-H2 proof claim,synthetic_toy_only_not_real_bio,not_a_proof; evidence_classification_only,no
60,viruse_fabric/experiments/exp_146_minimal_path_lemma_dependency_expansion.py,exp_146_minimal_path_lemma_dependency_expansion,none,IRRELEVANT_OR_UNUSABLE,not clearly mappable to VF-H2 proof claim,synthetic_toy_only_not_real_bio,not_a_proof; evidence_classification_only,no
61,viruse_fabric/experiments/exp_147_first_path_kernel_theorem_attempt.py,exp_147_first_path_kernel_theorem_attempt,none,IRRELEVANT_OR_UNUSABLE,not clearly mappable to VF-H2 proof claim,synthetic_toy_only_not_real_bio,not_a_proof; evidence_classification_only,no
62,viruse_fabric/experiments/exp_148_path_kernel_theorem_proof_boundary_audit.py,exp_148_path_kernel_theorem_proof_boundary_audit,CLAIM-VF-H2-C-or-D,TESTS_BOUNDARY,tests restricted assumptions or boundary of generalization,synthetic_toy_only_not_real_bio,not_a_proof; evidence_classification_only,yes_boundary_only
63,viruse_fabric/experiments/exp_149_second_path_kernel_theorem_attempt.py,exp_149_second_path_kernel_theorem_attempt,none,IRRELEVANT_OR_UNUSABLE,not clearly mappable to VF-H2 proof claim,synthetic_toy_only_not_real_bio,not_a_proof; evidence_classification_only,no
64,viruse_fabric/experiments/exp_14_scenario_auditor.py,exp_14_scenario_auditor,none,IRRELEVANT_OR_UNUSABLE,not clearly mappable to VF-H2 proof claim,synthetic_toy_only_not_real_bio,not_a_proof; evidence_classification_only,no
65,viruse_fabric/experiments/exp_150_limited_theorem_pair_boundary_audit.py,exp_150_limited_theorem_pair_boundary_audit,CLAIM-VF-H2-C-or-D,TESTS_BOUNDARY,tests restricted assumptions or boundary of generalization,synthetic_toy_only_not_real_bio,not_a_proof; evidence_classification_only,yes_boundary_only
66,viruse_fabric/experiments/exp_151_reachability_preorder_theorem_attempt.py,exp_151_reachability_preorder_theorem_attempt,none,IRRELEVANT_OR_UNUSABLE,not clearly mappable to VF-H2 proof claim,synthetic_toy_only_not_real_bio,not_a_proof; evidence_classification_only,no
67,viruse_fabric/experiments/exp_152_mutual_reachability_equivalence_theorem_attempt.py,exp_152_mutual_reachability_equivalence_theorem_attempt,none,IRRELEVANT_OR_UNUSABLE,not clearly mappable to VF-H2 proof claim,synthetic_toy_only_not_real_bio,not_a_proof; evidence_classification_only,no
68,viruse_fabric/experiments/exp_153_equivalence_class_quotient_structure_theorem_attempt.py,exp_153_equivalence_class_quotient_structure_theorem_attempt,none,IRRELEVANT_OR_UNUSABLE,not clearly mappable to VF-H2 proof claim,synthetic_toy_only_not_real_bio,not_a_proof; evidence_classification_only,no
69,viruse_fabric/experiments/exp_154_path_kernel_theorem_stack_boundary_audit.py,exp_154_path_kernel_theorem_stack_boundary_audit,CLAIM-VF-H2-C-or-D,TESTS_BOUNDARY,tests restricted assumptions or boundary of generalization,synthetic_toy_only_not_real_bio,not_a_proof; evidence_classification_only,yes_boundary_only
70,viruse_fabric/experiments/exp_155_attractor_class_bridge_authorization_plan.py,exp_155_attractor_class_bridge_authorization_plan,none,IRRELEVANT_OR_UNUSABLE,not clearly mappable to VF-H2 proof claim,synthetic_toy_only_not_real_bio,not_a_proof; evidence_classification_only,no
71,viruse_fabric/experiments/exp_156_attractor_class_bridge_execution.py,exp_156_attractor_class_bridge_execution,none,IRRELEVANT_OR_UNUSABLE,not clearly mappable to VF-H2 proof claim,synthetic_toy_only_not_real_bio,not_a_proof; evidence_classification_only,no
72,viruse_fabric/experiments/exp_157_attractor_class_scaffold_boundary_audit.py,exp_157_attractor_class_scaffold_boundary_audit,CLAIM-VF-H2-C-or-D,TESTS_BOUNDARY,tests restricted assumptions or boundary of generalization,synthetic_toy_only_not_real_bio,not_a_proof; evidence_classification_only,yes_boundary_only
73,viruse_fabric/experiments/exp_158_stabilization_predicate_definition_plan.py,exp_158_stabilization_predicate_definition_plan,none,IRRELEVANT_OR_UNUSABLE,not clearly mappable to VF-H2 proof claim,synthetic_toy_only_not_real_bio,not_a_proof; evidence_classification_only,no
74,viruse_fabric/experiments/exp_159_stabilization_predicate_controlled_definition_execution.py,exp_159_stabilization_predicate_controlled_definition_execution,none,IRRELEVANT_OR_UNUSABLE,not clearly mappable to VF-H2 proof claim,synthetic_toy_only_not_real_bio,not_a_proof; evidence_classification_only,no
75,viruse_fabric/experiments/exp_15_observer_misreading.py,exp_15_observer_misreading,none,IRRELEVANT_OR_UNUSABLE,not clearly mappable to VF-H2 proof claim,synthetic_toy_only_not_real_bio,not_a_proof; evidence_classification_only,no
76,viruse_fabric/experiments/exp_160_stabilization_predicate_draft_boundary_audit.py,exp_160_stabilization_predicate_draft_boundary_audit,CLAIM-VF-H2-C-or-D,TESTS_BOUNDARY,tests restricted assumptions or boundary of generalization,synthetic_toy_only_not_real_bio,not_a_proof; evidence_classification_only,yes_boundary_only
77,viruse_fabric/experiments/exp_161_stabilization_predicate_completion_criteria_plan.py,exp_161_stabilization_predicate_completion_criteria_plan,none,IRRELEVANT_OR_UNUSABLE,not clearly mappable to VF-H2 proof claim,synthetic_toy_only_not_real_bio,not_a_proof; evidence_classification_only,no
78,viruse_fabric/experiments/exp_162_stabilization_predicate_completion_criteria_boundary_audit.py,exp_162_stabilization_predicate_completion_criteria_boundary_audit,CLAIM-VF-H2-C-or-D,TESTS_BOUNDARY,tests restricted assumptions or boundary of generalization,synthetic_toy_only_not_real_bio,not_a_proof; evidence_classification_only,yes_boundary_only
79,viruse_fabric/experiments/exp_163_stabilization_predicate_completion_decision_plan.py,exp_163_stabilization_predicate_completion_decision_plan,none,IRRELEVANT_OR_UNUSABLE,not clearly mappable to VF-H2 proof claim,synthetic_toy_only_not_real_bio,not_a_proof; evidence_classification_only,no
80,viruse_fabric/experiments/exp_164_stabilization_predicate_completion_decision_plan_boundary_audit.py,exp_164_stabilization_predicate_completion_decision_plan_boundary_audit,CLAIM-VF-H2-C-or-D,TESTS_BOUNDARY,tests restricted assumptions or boundary of generalization,synthetic_toy_only_not_real_bio,not_a_proof; evidence_classification_only,yes_boundary_only
81,viruse_fabric/experiments/exp_165_stabilization_predicate_completion_decision_execution.py,exp_165_stabilization_predicate_completion_decision_execution,none,IRRELEVANT_OR_UNUSABLE,not clearly mappable to VF-H2 proof claim,synthetic_toy_only_not_real_bio,not_a_proof; evidence_classification_only,no
82,viruse_fabric/experiments/exp_166_stabilization_predicate_conditional_hold_gap_register.py,exp_166_stabilization_predicate_conditional_hold_gap_register,none,IRRELEVANT_OR_UNUSABLE,not clearly mappable to VF-H2 proof claim,synthetic_toy_only_not_real_bio,not_a_proof; evidence_classification_only,no
83,viruse_fabric/experiments/exp_167_stabilization_predicate_conditional_hold_gap_register_boundary_audit.py,exp_167_stabilization_predicate_conditional_hold_gap_register_boundary_audit,CLAIM-VF-H2-C-or-D,TESTS_BOUNDARY,tests restricted assumptions or boundary of generalization,synthetic_toy_only_not_real_bio,not_a_proof; evidence_classification_only,yes_boundary_only
84,viruse_fabric/experiments/exp_168_stabilization_predicate_carrier_domain_exactness_evidence_execution.py,exp_168_stabilization_predicate_carrier_domain_exactness_evidence_execution,none,IRRELEVANT_OR_UNUSABLE,not clearly mappable to VF-H2 proof claim,synthetic_toy_only_not_real_bio,not_a_proof; evidence_classification_only,no
85,viruse_fabric/experiments/exp_169_carrier_domain_evidence_boundary_audit_plus_gap_resolution_decision.py,exp_169_carrier_domain_evidence_boundary_audit_plus_gap_resolution_decision,CLAIM-VF-H2-C-or-D,TESTS_BOUNDARY,tests restricted assumptions or boundary of generalization,synthetic_toy_only_not_real_bio,not_a_proof; evidence_classification_only,yes_boundary_only
86,viruse_fabric/experiments/exp_16_intention_correction.py,exp_16_intention_correction,none,IRRELEVANT_OR_UNUSABLE,not clearly mappable to VF-H2 proof claim,synthetic_toy_only_not_real_bio,not_a_proof; evidence_classification_only,no
87,viruse_fabric/experiments/exp_170_local_persistence_testability_evidence_execution.py,exp_170_local_persistence_testability_evidence_execution,none,IRRELEVANT_OR_UNUSABLE,not clearly mappable to VF-H2 proof claim,synthetic_toy_only_not_real_bio,not_a_proof; evidence_classification_only,no
88,viruse_fabric/experiments/exp_171_local_persistence_evidence_boundary_audit_plus_gap_resolution_decision.py,exp_171_local_persistence_evidence_boundary_audit_plus_gap_resolution_decision,CLAIM-VF-H2-C-or-D,TESTS_BOUNDARY,tests restricted assumptions or boundary of generalization,synthetic_toy_only_not_real_bio,not_a_proof; evidence_classification_only,yes_boundary_only
89,viruse_fabric/experiments/exp_172_recurrence_witness_evidence_execution.py,exp_172_recurrence_witness_evidence_execution,none,IRRELEVANT_OR_UNUSABLE,not clearly mappable to VF-H2 proof claim,synthetic_toy_only_not_real_bio,not_a_proof; evidence_classification_only,no
90,viruse_fabric/experiments/exp_173_recurrence_witness_evidence_boundary_audit_plus_gap_resolution_decision.py,exp_173_recurrence_witness_evidence_boundary_audit_plus_gap_resolution_decision,CLAIM-VF-H2-C-or-D,TESTS_BOUNDARY,tests restricted assumptions or boundary of generalization,synthetic_toy_only_not_real_bio,not_a_proof; evidence_classification_only,yes_boundary_only
91,viruse_fabric/experiments/exp_174_exclusion_and_failure_condition_evidence_execution.py,exp_174_exclusion_and_failure_condition_evidence_execution,none,IRRELEVANT_OR_UNUSABLE,not clearly mappable to VF-H2 proof claim,synthetic_toy_only_not_real_bio,not_a_proof; evidence_classification_only,no
92,viruse_fabric/experiments/exp_175_exclusion_and_failure_evidence_boundary_audit_plus_gap_resolution_decision.py,exp_175_exclusion_and_failure_evidence_boundary_audit_plus_gap_resolution_decision,CLAIM-VF-H2-C-or-D,TESTS_BOUNDARY,tests restricted assumptions or boundary of generalization,synthetic_toy_only_not_real_bio,not_a_proof; evidence_classification_only,yes_boundary_only
93,viruse_fabric/experiments/exp_176_minimal_adequacy_condition_evidence_execution.py,exp_176_minimal_adequacy_condition_evidence_execution,none,IRRELEVANT_OR_UNUSABLE,not clearly mappable to VF-H2 proof claim,synthetic_toy_only_not_real_bio,not_a_proof; evidence_classification_only,no
94,viruse_fabric/experiments/exp_177_minimal_adequacy_evidence_boundary_audit_plus_gap_resolution_decision.py,exp_177_minimal_adequacy_evidence_boundary_audit_plus_gap_resolution_decision,CLAIM-VF-H2-C-or-D,TESTS_BOUNDARY,tests restricted assumptions or boundary of generalization,synthetic_toy_only_not_real_bio,not_a_proof; evidence_classification_only,yes_boundary_only
95,viruse_fabric/experiments/exp_178_residual_ambiguity_condition_evidence_execution.py,exp_178_residual_ambiguity_condition_evidence_execution,none,IRRELEVANT_OR_UNUSABLE,not clearly mappable to VF-H2 proof claim,synthetic_toy_only_not_real_bio,not_a_proof; evidence_classification_only,no
96,viruse_fabric/experiments/exp_179_residual_ambiguity_evidence_boundary_audit_plus_gap_resolution_decision.py,exp_179_residual_ambiguity_evidence_boundary_audit_plus_gap_resolution_decision,CLAIM-VF-H2-C-or-D,TESTS_BOUNDARY,tests restricted assumptions or boundary of generalization,synthetic_toy_only_not_real_bio,not_a_proof; evidence_classification_only,yes_boundary_only
97,viruse_fabric/experiments/exp_17_theory_chapter_exporter.py,exp_17_theory_chapter_exporter,none,IRRELEVANT_OR_UNUSABLE,not clearly mappable to VF-H2 proof claim,synthetic_toy_only_not_real_bio,not_a_proof; evidence_classification_only,no
98,viruse_fabric/experiments/exp_180_final_residual_condition_evidence_execution.py,exp_180_final_residual_condition_evidence_execution,none,IRRELEVANT_OR_UNUSABLE,not clearly mappable to VF-H2 proof claim,synthetic_toy_only_not_real_bio,not_a_proof; evidence_classification_only,no
99,viruse_fabric/experiments/exp_181_final_residual_evidence_boundary_audit_plus_gap_resolution_decision.py,exp_181_final_residual_evidence_boundary_audit_plus_gap_resolution_decision,CLAIM-VF-H2-C-or-D,TESTS_BOUNDARY,tests restricted assumptions or boundary of generalization,synthetic_toy_only_not_real_bio,not_a_proof; evidence_classification_only,yes_boundary_only
100,viruse_fabric/experiments/exp_182_completion_decision_boundary_audit_planning.py,exp_182_completion_decision_boundary_audit_planning,CLAIM-VF-H2-C-or-D,TESTS_BOUNDARY,tests restricted assumptions or boundary of generalization,synthetic_toy_only_not_real_bio,not_a_proof; evidence_classification_only,yes_boundary_only
101,viruse_fabric/experiments/exp_183_formal_definition_transition_boundary_audit_plan.py,exp_183_formal_definition_transition_boundary_audit_plan,CLAIM-VF-H2-C-or-D,TESTS_BOUNDARY,tests restricted assumptions or boundary of generalization,synthetic_toy_only_not_real_bio,not_a_proof; evidence_classification_only,yes_boundary_only
102,viruse_fabric/experiments/exp_184_core_formal_object_inventory_execution.py,exp_184_core_formal_object_inventory_execution,none,IRRELEVANT_OR_UNUSABLE,not clearly mappable to VF-H2 proof claim,synthetic_toy_only_not_real_bio,not_a_proof; evidence_classification_only,no
103,viruse_fabric/experiments/exp_185_sigma_a_formal_definition_draft_execution.py,exp_185_sigma_a_formal_definition_draft_execution,none,IRRELEVANT_OR_UNUSABLE,not clearly mappable to VF-H2 proof claim,synthetic_toy_only_not_real_bio,not_a_proof; evidence_classification_only,no
104,viruse_fabric/experiments/exp_186_sigma_a_draft_consistency_boundary_audit.py,exp_186_sigma_a_draft_consistency_boundary_audit,CLAIM-VF-H2-C-or-D,TESTS_BOUNDARY,tests restricted assumptions or boundary of generalization,synthetic_toy_only_not_real_bio,not_a_proof; evidence_classification_only,yes_boundary_only
105,viruse_fabric/experiments/exp_187_sigma_a_carrier_and_time_index_refinement_plan.py,exp_187_sigma_a_carrier_and_time_index_refinement_plan,none,IRRELEVANT_OR_UNUSABLE,not clearly mappable to VF-H2 proof claim,synthetic_toy_only_not_real_bio,not_a_proof; evidence_classification_only,no
106,viruse_fabric/experiments/exp_188_sigma_a_carrier_type_option_audit_execution.py,exp_188_sigma_a_carrier_type_option_audit_execution,none,IRRELEVANT_OR_UNUSABLE,not clearly mappable to VF-H2 proof claim,synthetic_toy_only_not_real_bio,not_a_proof; evidence_classification_only,no
107,viruse_fabric/experiments/exp_189_sigma_a_carrier_type_selection_decision_boundary_plan.py,exp_189_sigma_a_carrier_type_selection_decision_boundary_plan,CLAIM-VF-H2-C-or-D,TESTS_BOUNDARY,tests restricted assumptions or boundary of generalization,synthetic_toy_only_not_real_bio,not_a_proof; evidence_classification_only,yes_boundary_only
108,viruse_fabric/experiments/exp_18_persian_theory_chapter_exporter.py,exp_18_persian_theory_chapter_exporter,none,IRRELEVANT_OR_UNUSABLE,not clearly mappable to VF-H2 proof claim,synthetic_toy_only_not_real_bio,not_a_proof; evidence_classification_only,no
109,viruse_fabric/experiments/exp_190_sigma_a_carrier_type_selection_decision_execution.py,exp_190_sigma_a_carrier_type_selection_decision_execution,none,IRRELEVANT_OR_UNUSABLE,not clearly mappable to VF-H2 proof claim,synthetic_toy_only_not_real_bio,not_a_proof; evidence_classification_only,no
110,viruse_fabric/experiments/exp_191_sigma_a_typed_product_carrier_component_slot_audit_execution.py,exp_191_sigma_a_typed_product_carrier_component_slot_audit_execution,none,IRRELEVANT_OR_UNUSABLE,not clearly mappable to VF-H2 proof claim,synthetic_toy_only_not_real_bio,not_a_proof; evidence_classification_only,no
111,viruse_fabric/experiments/exp_192_sigma_a_typed_product_carrier_component_slot_refinement_execution_plan.py,exp_192_sigma_a_typed_product_carrier_component_slot_refinement_execution_plan,none,IRRELEVANT_OR_UNUSABLE,not clearly mappable to VF-H2 proof claim,synthetic_toy_only_not_real_bio,not_a_proof; evidence_classification_only,no
112,viruse_fabric/experiments/exp_193_sigma_a_typed_product_carrier_component_slot_refinement_execution.py,exp_193_sigma_a_typed_product_carrier_component_slot_refinement_execution,none,IRRELEVANT_OR_UNUSABLE,not clearly mappable to VF-H2 proof claim,synthetic_toy_only_not_real_bio,not_a_proof; evidence_classification_only,no
113,viruse_fabric/experiments/exp_194_sigma_a_typed_product_carrier_component_slot_refinement_boundary_audit.py,exp_194_sigma_a_typed_product_carrier_component_slot_refinement_boundary_audit,CLAIM-VF-H2-C-or-D,TESTS_BOUNDARY,tests restricted assumptions or boundary of generalization,synthetic_toy_only_not_real_bio,not_a_proof; evidence_classification_only,yes_boundary_only
114,viruse_fabric/experiments/exp_195_sigma_a_typed_product_carrier_component_slot_integration_execution_plan.py,exp_195_sigma_a_typed_product_carrier_component_slot_integration_execution_plan,none,IRRELEVANT_OR_UNUSABLE,not clearly mappable to VF-H2 proof claim,synthetic_toy_only_not_real_bio,not_a_proof; evidence_classification_only,no
115,viruse_fabric/experiments/exp_196_sigma_a_typed_product_carrier_component_slot_integration_execution.py,exp_196_sigma_a_typed_product_carrier_component_slot_integration_execution,none,IRRELEVANT_OR_UNUSABLE,not clearly mappable to VF-H2 proof claim,synthetic_toy_only_not_real_bio,not_a_proof; evidence_classification_only,no
116,viruse_fabric/experiments/exp_197_sigma_a_typed_product_carrier_component_slot_integration_boundary_audit.py,exp_197_sigma_a_typed_product_carrier_component_slot_integration_boundary_audit,CLAIM-VF-H2-C-or-D,TESTS_BOUNDARY,tests restricted assumptions or boundary of generalization,synthetic_toy_only_not_real_bio,not_a_proof; evidence_classification_only,yes_boundary_only
117,viruse_fabric/experiments/exp_198_sigma_a_typed_product_carrier_refinement_execution_plan.py,exp_198_sigma_a_typed_product_carrier_refinement_execution_plan,none,IRRELEVANT_OR_UNUSABLE,not clearly mappable to VF-H2 proof claim,synthetic_toy_only_not_real_bio,not_a_proof; evidence_classification_only,no
118,viruse_fabric/experiments/exp_199_sigma_a_typed_product_carrier_refinement_execution.py,exp_199_sigma_a_typed_product_carrier_refinement_execution,none,IRRELEVANT_OR_UNUSABLE,not clearly mappable to VF-H2 proof claim,synthetic_toy_only_not_real_bio,not_a_proof; evidence_classification_only,no
119,viruse_fabric/experiments/exp_19_bilingual_quality_audit.py,exp_19_bilingual_quality_audit,none,IRRELEVANT_OR_UNUSABLE,not clearly mappable to VF-H2 proof claim,synthetic_toy_only_not_real_bio,not_a_proof; evidence_classification_only,no
120,viruse_fabric/experiments/exp_200_sigma_a_typed_product_carrier_refinement_boundary_audit.py,exp_200_sigma_a_typed_product_carrier_refinement_boundary_audit,CLAIM-VF-H2-C-or-D,TESTS_BOUNDARY,tests restricted assumptions or boundary of generalization,synthetic_toy_only_not_real_bio,not_a_proof; evidence_classification_only,yes_boundary_only
121,viruse_fabric/experiments/exp_201_sigma_a_carrier_level_draft_assembly_execution_plan.py,exp_201_sigma_a_carrier_level_draft_assembly_execution_plan,none,IRRELEVANT_OR_UNUSABLE,not clearly mappable to VF-H2 proof claim,synthetic_toy_only_not_real_bio,not_a_proof; evidence_classification_only,no
122,viruse_fabric/experiments/exp_202_sigma_a_carrier_level_draft_assembly_execution.py,exp_202_sigma_a_carrier_level_draft_assembly_execution,none,IRRELEVANT_OR_UNUSABLE,not clearly mappable to VF-H2 proof claim,synthetic_toy_only_not_real_bio,not_a_proof; evidence_classification_only,no
123,viruse_fabric/experiments/exp_203_sigma_a_carrier_level_draft_assembly_boundary_audit.py,exp_203_sigma_a_carrier_level_draft_assembly_boundary_audit,CLAIM-VF-H2-C-or-D,TESTS_BOUNDARY,tests restricted assumptions or boundary of generalization,synthetic_toy_only_not_real_bio,not_a_proof; evidence_classification_only,yes_boundary_only
124,viruse_fabric/experiments/exp_204_sigma_a_carrier_draft_clause_creation_execution_plan.py,exp_204_sigma_a_carrier_draft_clause_creation_execution_plan,none,IRRELEVANT_OR_UNUSABLE,not clearly mappable to VF-H2 proof claim,synthetic_toy_only_not_real_bio,not_a_proof; evidence_classification_only,no
125,viruse_fabric/experiments/exp_205_sigma_a_carrier_draft_clause_creation_execution.py,exp_205_sigma_a_carrier_draft_clause_creation_execution,none,IRRELEVANT_OR_UNUSABLE,not clearly mappable to VF-H2 proof claim,synthetic_toy_only_not_real_bio,not_a_proof; evidence_classification_only,no
126,viruse_fabric/experiments/exp_206_sigma_a_carrier_draft_clause_creation_boundary_audit.py,exp_206_sigma_a_carrier_draft_clause_creation_boundary_audit,CLAIM-VF-H2-C-or-D,TESTS_BOUNDARY,tests restricted assumptions or boundary of generalization,synthetic_toy_only_not_real_bio,not_a_proof; evidence_classification_only,yes_boundary_only
127,viruse_fabric/experiments/exp_207_whole_sigma_a_draft_assembly_execution_plan.py,exp_207_whole_sigma_a_draft_assembly_execution_plan,none,IRRELEVANT_OR_UNUSABLE,not clearly mappable to VF-H2 proof claim,synthetic_toy_only_not_real_bio,not_a_proof; evidence_classification_only,no
128,viruse_fabric/experiments/exp_208_whole_sigma_a_draft_assembly_execution.py,exp_208_whole_sigma_a_draft_assembly_execution,none,IRRELEVANT_OR_UNUSABLE,not clearly mappable to VF-H2 proof claim,synthetic_toy_only_not_real_bio,not_a_proof; evidence_classification_only,no
129,viruse_fabric/experiments/exp_209_whole_sigma_a_draft_assembly_boundary_audit.py,exp_209_whole_sigma_a_draft_assembly_boundary_audit,CLAIM-VF-H2-C-or-D,TESTS_BOUNDARY,tests restricted assumptions or boundary of generalization,synthetic_toy_only_not_real_bio,not_a_proof; evidence_classification_only,yes_boundary_only
130,viruse_fabric/experiments/exp_20_theory_manifest.py,exp_20_theory_manifest,none,IRRELEVANT_OR_UNUSABLE,not clearly mappable to VF-H2 proof claim,synthetic_toy_only_not_real_bio,not_a_proof; evidence_classification_only,no
131,viruse_fabric/experiments/exp_210_time_index_refinement_execution_plan.py,exp_210_time_index_refinement_execution_plan,none,IRRELEVANT_OR_UNUSABLE,not clearly mappable to VF-H2 proof claim,synthetic_toy_only_not_real_bio,not_a_proof; evidence_classification_only,no
132,viruse_fabric/experiments/exp_211_time_index_refinement_execution_plan_boundary_audit.py,exp_211_time_index_refinement_execution_plan_boundary_audit,CLAIM-VF-H2-C-or-D,TESTS_BOUNDARY,tests restricted assumptions or boundary of generalization,synthetic_toy_only_not_real_bio,not_a_proof; evidence_classification_only,yes_boundary_only
133,viruse_fabric/experiments/exp_212_time_index_refinement_execution.py,exp_212_time_index_refinement_execution,none,IRRELEVANT_OR_UNUSABLE,not clearly mappable to VF-H2 proof claim,synthetic_toy_only_not_real_bio,not_a_proof; evidence_classification_only,no
134,viruse_fabric/experiments/exp_213_time_index_refinement_boundary_audit.py,exp_213_time_index_refinement_boundary_audit,CLAIM-VF-H2-C-or-D,TESTS_BOUNDARY,tests restricted assumptions or boundary of generalization,synthetic_toy_only_not_real_bio,not_a_proof; evidence_classification_only,yes_boundary_only
135,viruse_fabric/experiments/exp_214_sigma_a_refinement_execution_plan.py,exp_214_sigma_a_refinement_execution_plan,none,IRRELEVANT_OR_UNUSABLE,not clearly mappable to VF-H2 proof claim,synthetic_toy_only_not_real_bio,not_a_proof; evidence_classification_only,no
136,viruse_fabric/experiments/exp_215_sigma_a_refinement_execution_plan_boundary_audit.py,exp_215_sigma_a_refinement_execution_plan_boundary_audit,CLAIM-VF-H2-C-or-D,TESTS_BOUNDARY,tests restricted assumptions or boundary of generalization,synthetic_toy_only_not_real_bio,not_a_proof; evidence_classification_only,yes_boundary_only
137,viruse_fabric/experiments/exp_216_sigma_a_refinement_execution.py,exp_216_sigma_a_refinement_execution,none,IRRELEVANT_OR_UNUSABLE,not clearly mappable to VF-H2 proof claim,synthetic_toy_only_not_real_bio,not_a_proof; evidence_classification_only,no
138,viruse_fabric/experiments/exp_217_adm_a_definition_draft_execution.py,exp_217_adm_a_definition_draft_execution,none,IRRELEVANT_OR_UNUSABLE,not clearly mappable to VF-H2 proof claim,synthetic_toy_only_not_real_bio,not_a_proof; evidence_classification_only,no
139,viruse_fabric/experiments/exp_218_c_reg_definition_draft_execution.py,exp_218_c_reg_definition_draft_execution,none,IRRELEVANT_OR_UNUSABLE,not clearly mappable to VF-H2 proof claim,synthetic_toy_only_not_real_bio,not_a_proof; evidence_classification_only,no
140,viruse_fabric/experiments/exp_219_pi_obs_definition_draft_execution.py,exp_219_pi_obs_definition_draft_execution,none,IRRELEVANT_OR_UNUSABLE,not clearly mappable to VF-H2 proof claim,synthetic_toy_only_not_real_bio,not_a_proof; evidence_classification_only,no
141,viruse_fabric/experiments/exp_21_visual_explanation.py,exp_21_visual_explanation,none,IRRELEVANT_OR_UNUSABLE,not clearly mappable to VF-H2 proof claim,synthetic_toy_only_not_real_bio,not_a_proof; evidence_classification_only,no
142,viruse_fabric/experiments/exp_220_m_c_definition_draft_execution.py,exp_220_m_c_definition_draft_execution,none,IRRELEVANT_OR_UNUSABLE,not clearly mappable to VF-H2 proof claim,synthetic_toy_only_not_real_bio,not_a_proof; evidence_classification_only,no
143,viruse_fabric/experiments/exp_221_r_a_definition_draft_execution.py,exp_221_r_a_definition_draft_execution,none,IRRELEVANT_OR_UNUSABLE,not clearly mappable to VF-H2 proof claim,synthetic_toy_only_not_real_bio,not_a_proof; evidence_classification_only,no
144,viruse_fabric/experiments/exp_222_traj_a_definition_draft_execution.py,exp_222_traj_a_definition_draft_execution,none,IRRELEVANT_OR_UNUSABLE,not clearly mappable to VF-H2 proof claim,synthetic_toy_only_not_real_bio,not_a_proof; evidence_classification_only,no
145,viruse_fabric/experiments/exp_223_dependent_object_draft_bundle_integration_execution.py,exp_223_dependent_object_draft_bundle_integration_execution,none,IRRELEVANT_OR_UNUSABLE,not clearly mappable to VF-H2 proof claim,synthetic_toy_only_not_real_bio,not_a_proof; evidence_classification_only,no
146,viruse_fabric/experiments/exp_224_sigma_a_definition_completion_readiness_plan.py,exp_224_sigma_a_definition_completion_readiness_plan,none,IRRELEVANT_OR_UNUSABLE,not clearly mappable to VF-H2 proof claim,synthetic_toy_only_not_real_bio,not_a_proof; evidence_classification_only,no
147,viruse_fabric/experiments/exp_225_sigma_a_definition_completion_readiness_boundary_audit.py,exp_225_sigma_a_definition_completion_readiness_boundary_audit,CLAIM-VF-H2-C-or-D,TESTS_BOUNDARY,tests restricted assumptions or boundary of generalization,synthetic_toy_only_not_real_bio,not_a_proof; evidence_classification_only,yes_boundary_only
148,viruse_fabric/experiments/exp_226_controlled_sigma_a_definition_completion_execution_plan.py,exp_226_controlled_sigma_a_definition_completion_execution_plan,none,IRRELEVANT_OR_UNUSABLE,not clearly mappable to VF-H2 proof claim,synthetic_toy_only_not_real_bio,not_a_proof; evidence_classification_only,no
149,viruse_fabric/experiments/exp_227_controlled_sigma_a_definition_completion_execution.py,exp_227_controlled_sigma_a_definition_completion_execution,none,IRRELEVANT_OR_UNUSABLE,not clearly mappable to VF-H2 proof claim,synthetic_toy_only_not_real_bio,not_a_proof; evidence_classification_only,no
150,viruse_fabric/experiments/exp_228_dependent_object_definition_completion_planning.py,exp_228_dependent_object_definition_completion_planning,none,IRRELEVANT_OR_UNUSABLE,not clearly mappable to VF-H2 proof claim,synthetic_toy_only_not_real_bio,not_a_proof; evidence_classification_only,no
151,viruse_fabric/experiments/exp_229_controlled_adm_a_definition_completion_execution.py,exp_229_controlled_adm_a_definition_completion_execution,none,IRRELEVANT_OR_UNUSABLE,not clearly mappable to VF-H2 proof claim,synthetic_toy_only_not_real_bio,not_a_proof; evidence_classification_only,no
152,viruse_fabric/experiments/exp_22_scenario_stress_tests.py,exp_22_scenario_stress_tests,none,IRRELEVANT_OR_UNUSABLE,not clearly mappable to VF-H2 proof claim,synthetic_toy_only_not_real_bio,not_a_proof; evidence_classification_only,no
153,viruse_fabric/experiments/exp_230_controlled_c_reg_definition_completion_execution.py,exp_230_controlled_c_reg_definition_completion_execution,none,IRRELEVANT_OR_UNUSABLE,not clearly mappable to VF-H2 proof claim,synthetic_toy_only_not_real_bio,not_a_proof; evidence_classification_only,no
154,viruse_fabric/experiments/exp_231_controlled_pi_obs_definition_completion_execution.py,exp_231_controlled_pi_obs_definition_completion_execution,none,IRRELEVANT_OR_UNUSABLE,not clearly mappable to VF-H2 proof claim,synthetic_toy_only_not_real_bio,not_a_proof; evidence_classification_only,no
155,viruse_fabric/experiments/exp_232_controlled_m_c_definition_completion_execution.py,exp_232_controlled_m_c_definition_completion_execution,none,IRRELEVANT_OR_UNUSABLE,not clearly mappable to VF-H2 proof claim,synthetic_toy_only_not_real_bio,not_a_proof; evidence_classification_only,no
156,viruse_fabric/experiments/exp_233_controlled_r_a_definition_completion_execution.py,exp_233_controlled_r_a_definition_completion_execution,none,IRRELEVANT_OR_UNUSABLE,not clearly mappable to VF-H2 proof claim,synthetic_toy_only_not_real_bio,not_a_proof; evidence_classification_only,no
157,viruse_fabric/experiments/exp_234_controlled_traj_a_definition_completion_execution.py,exp_234_controlled_traj_a_definition_completion_execution,none,IRRELEVANT_OR_UNUSABLE,not clearly mappable to VF-H2 proof claim,synthetic_toy_only_not_real_bio,not_a_proof; evidence_classification_only,no
158,viruse_fabric/experiments/exp_235_controlled_dependent_object_completion_bundle_integration.py,exp_235_controlled_dependent_object_completion_bundle_integration,none,IRRELEVANT_OR_UNUSABLE,not clearly mappable to VF-H2 proof claim,synthetic_toy_only_not_real_bio,not_a_proof; evidence_classification_only,no
159,viruse_fabric/experiments/exp_236_controlled_full_dependency_closure_boundary_audit.py,exp_236_controlled_full_dependency_closure_boundary_audit,CLAIM-VF-H2-C-or-D,TESTS_BOUNDARY,tests restricted assumptions or boundary of generalization,synthetic_toy_only_not_real_bio,not_a_proof; evidence_classification_only,yes_boundary_only
160,viruse_fabric/experiments/exp_237_controlled_theorem_candidate_planning_over_dependency_closed_bundle.py,exp_237_controlled_theorem_candidate_planning_over_dependency_closed_bundle,none,IRRELEVANT_OR_UNUSABLE,not clearly mappable to VF-H2 proof claim,synthetic_toy_only_not_real_bio,not_a_proof; evidence_classification_only,no
161,viruse_fabric/experiments/exp_238_controlled_tc_001_proof_strategy_planning.py,exp_238_controlled_tc_001_proof_strategy_planning,none,IRRELEVANT_OR_UNUSABLE,not clearly mappable to VF-H2 proof claim,synthetic_toy_only_not_real_bio,not_a_proof; evidence_classification_only,no
162,viruse_fabric/experiments/exp_239_controlled_tc_001_proof_obligation_lemma_planning.py,exp_239_controlled_tc_001_proof_obligation_lemma_planning,none,IRRELEVANT_OR_UNUSABLE,not clearly mappable to VF-H2 proof claim,synthetic_toy_only_not_real_bio,not_a_proof; evidence_classification_only,no
163,viruse_fabric/experiments/exp_23_public_demo_package.py,exp_23_public_demo_package,none,IRRELEVANT_OR_UNUSABLE,not clearly mappable to VF-H2 proof claim,synthetic_toy_only_not_real_bio,not_a_proof; evidence_classification_only,no
164,viruse_fabric/experiments/exp_240_controlled_l_001_lemma_proof_strategy_planning.py,exp_240_controlled_l_001_lemma_proof_strategy_planning,none,IRRELEVANT_OR_UNUSABLE,not clearly mappable to VF-H2 proof claim,synthetic_toy_only_not_real_bio,not_a_proof; evidence_classification_only,no
165,viruse_fabric/experiments/exp_241_controlled_l_001_lemma_proof_execution.py,exp_241_controlled_l_001_lemma_proof_execution,none,IRRELEVANT_OR_UNUSABLE,not clearly mappable to VF-H2 proof claim,synthetic_toy_only_not_real_bio,not_a_proof; evidence_classification_only,no
166,viruse_fabric/experiments/exp_242_controlled_l_002_lemma_proof_strategy_planning.py,exp_242_controlled_l_002_lemma_proof_strategy_planning,none,IRRELEVANT_OR_UNUSABLE,not clearly mappable to VF-H2 proof claim,synthetic_toy_only_not_real_bio,not_a_proof; evidence_classification_only,no
167,viruse_fabric/experiments/exp_243_controlled_l_002_lemma_proof_execution.py,exp_243_controlled_l_002_lemma_proof_execution,none,IRRELEVANT_OR_UNUSABLE,not clearly mappable to VF-H2 proof claim,synthetic_toy_only_not_real_bio,not_a_proof; evidence_classification_only,no
168,viruse_fabric/experiments/exp_244_controlled_l_003_lemma_proof_strategy_planning.py,exp_244_controlled_l_003_lemma_proof_strategy_planning,none,IRRELEVANT_OR_UNUSABLE,not clearly mappable to VF-H2 proof claim,synthetic_toy_only_not_real_bio,not_a_proof; evidence_classification_only,no
169,viruse_fabric/experiments/exp_245_controlled_l_003_lemma_proof_execution.py,exp_245_controlled_l_003_lemma_proof_execution,none,IRRELEVANT_OR_UNUSABLE,not clearly mappable to VF-H2 proof claim,synthetic_toy_only_not_real_bio,not_a_proof; evidence_classification_only,no
170,viruse_fabric/experiments/exp_246_controlled_l_004_lemma_proof_strategy_planning.py,exp_246_controlled_l_004_lemma_proof_strategy_planning,none,IRRELEVANT_OR_UNUSABLE,not clearly mappable to VF-H2 proof claim,synthetic_toy_only_not_real_bio,not_a_proof; evidence_classification_only,no
171,viruse_fabric/experiments/exp_247_controlled_l_004_lemma_proof_execution.py,exp_247_controlled_l_004_lemma_proof_execution,none,IRRELEVANT_OR_UNUSABLE,not clearly mappable to VF-H2 proof claim,synthetic_toy_only_not_real_bio,not_a_proof; evidence_classification_only,no
172,viruse_fabric/experiments/exp_248_controlled_l_005_lemma_proof_strategy_planning.py,exp_248_controlled_l_005_lemma_proof_strategy_planning,none,IRRELEVANT_OR_UNUSABLE,not clearly mappable to VF-H2 proof claim,synthetic_toy_only_not_real_bio,not_a_proof; evidence_classification_only,no
173,viruse_fabric/experiments/exp_249_controlled_l_005_lemma_proof_execution.py,exp_249_controlled_l_005_lemma_proof_execution,none,IRRELEVANT_OR_UNUSABLE,not clearly mappable to VF-H2 proof claim,synthetic_toy_only_not_real_bio,not_a_proof; evidence_classification_only,no
174,viruse_fabric/experiments/exp_24_validation_protocol.py,exp_24_validation_protocol,none,IRRELEVANT_OR_UNUSABLE,not clearly mappable to VF-H2 proof claim,synthetic_toy_only_not_real_bio,not_a_proof; evidence_classification_only,no
175,viruse_fabric/experiments/exp_250_controlled_l_006_lemma_proof_strategy_planning.py,exp_250_controlled_l_006_lemma_proof_strategy_planning,none,IRRELEVANT_OR_UNUSABLE,not clearly mappable to VF-H2 proof claim,synthetic_toy_only_not_real_bio,not_a_proof; evidence_classification_only,no
176,viruse_fabric/experiments/exp_251_controlled_l_006_lemma_proof_execution.py,exp_251_controlled_l_006_lemma_proof_execution,none,IRRELEVANT_OR_UNUSABLE,not clearly mappable to VF-H2 proof claim,synthetic_toy_only_not_real_bio,not_a_proof; evidence_classification_only,no
177,viruse_fabric/experiments/exp_252_controlled_tc_001_supporting_lemma_chain_completion_audit.py,exp_252_controlled_tc_001_supporting_lemma_chain_completion_audit,none,IRRELEVANT_OR_UNUSABLE,not clearly mappable to VF-H2 proof claim,synthetic_toy_only_not_real_bio,not_a_proof; evidence_classification_only,no
178,viruse_fabric/experiments/exp_253_controlled_tc_001_proof_execution_strategy_planning.py,exp_253_controlled_tc_001_proof_execution_strategy_planning,none,IRRELEVANT_OR_UNUSABLE,not clearly mappable to VF-H2 proof claim,synthetic_toy_only_not_real_bio,not_a_proof; evidence_classification_only,no
179,viruse_fabric/experiments/exp_254_controlled_tc_001_proof_execution.py,exp_254_controlled_tc_001_proof_execution,none,IRRELEVANT_OR_UNUSABLE,not clearly mappable to VF-H2 proof claim,synthetic_toy_only_not_real_bio,not_a_proof; evidence_classification_only,no
180,viruse_fabric/experiments/exp_255_controlled_tc_001_proof_acceptance_boundary_audit.py,exp_255_controlled_tc_001_proof_acceptance_boundary_audit,CLAIM-VF-H2-C-or-D,TESTS_BOUNDARY,tests restricted assumptions or boundary of generalization,synthetic_toy_only_not_real_bio,not_a_proof; evidence_classification_only,yes_boundary_only
181,viruse_fabric/experiments/exp_256_controlled_tc_001_presentation_manuscript_proof_section_extraction.py,exp_256_controlled_tc_001_presentation_manuscript_proof_section_extraction,none,IRRELEVANT_OR_UNUSABLE,writing_or_ledger_artifact_not_direct_experiment_evidence,synthetic_toy_only_not_real_bio,not_a_proof; evidence_classification_only,no
182,viruse_fabric/experiments/exp_257_controlled_tc_001_presentation_claim_package.py,exp_257_controlled_tc_001_presentation_claim_package,none,IRRELEVANT_OR_UNUSABLE,not clearly mappable to VF-H2 proof claim,synthetic_toy_only_not_real_bio,not_a_proof; evidence_classification_only,no
183,viruse_fabric/experiments/exp_258_controlled_tc_001_slide_deck_content_extraction.py,exp_258_controlled_tc_001_slide_deck_content_extraction,none,IRRELEVANT_OR_UNUSABLE,not clearly mappable to VF-H2 proof claim,synthetic_toy_only_not_real_bio,not_a_proof; evidence_classification_only,no
184,viruse_fabric/experiments/exp_259_controlled_tc_001_actual_presentation_deck_draft.py,exp_259_controlled_tc_001_actual_presentation_deck_draft,none,IRRELEVANT_OR_UNUSABLE,not clearly mappable to VF-H2 proof claim,synthetic_toy_only_not_real_bio,not_a_proof; evidence_classification_only,no
185,viruse_fabric/experiments/exp_25_constructive_attractor_ablation.py,exp_25_constructive_attractor_ablation,none,IRRELEVANT_OR_UNUSABLE,not clearly mappable to VF-H2 proof claim,synthetic_toy_only_not_real_bio,not_a_proof; evidence_classification_only,no
186,viruse_fabric/experiments/exp_260_controlled_tc_001_presentation_delivery_package.py,exp_260_controlled_tc_001_presentation_delivery_package,none,IRRELEVANT_OR_UNUSABLE,not clearly mappable to VF-H2 proof claim,synthetic_toy_only_not_real_bio,not_a_proof; evidence_classification_only,no
187,viruse_fabric/experiments/exp_261_controlled_tc_001_renderable_presentation_source.py,exp_261_controlled_tc_001_renderable_presentation_source,none,IRRELEVANT_OR_UNUSABLE,not clearly mappable to VF-H2 proof claim,synthetic_toy_only_not_real_bio,not_a_proof; evidence_classification_only,no
188,viruse_fabric/experiments/exp_262_controlled_tc_001_presentation_export_package.py,exp_262_controlled_tc_001_presentation_export_package,none,IRRELEVANT_OR_UNUSABLE,not clearly mappable to VF-H2 proof claim,synthetic_toy_only_not_real_bio,not_a_proof; evidence_classification_only,no
189,viruse_fabric/experiments/exp_263_safe_multidisciplinary_simulation_environment_scope_map.py,exp_263_safe_multidisciplinary_simulation_environment_scope_map,none,IRRELEVANT_OR_UNUSABLE,not clearly mappable to VF-H2 proof claim,synthetic_toy_only_not_real_bio,not_a_proof; evidence_classification_only,no
190,viruse_fabric/experiments/exp_264_safe_toy_simulation_architecture_specification.py,exp_264_safe_toy_simulation_architecture_specification,none,IRRELEVANT_OR_UNUSABLE,not clearly mappable to VF-H2 proof claim,synthetic_toy_only_not_real_bio,not_a_proof; evidence_classification_only,no
191,viruse_fabric/experiments/exp_265_safe_toy_simulation_safety_test_scaffolding.py,exp_265_safe_toy_simulation_safety_test_scaffolding,none,IRRELEVANT_OR_UNUSABLE,not clearly mappable to VF-H2 proof claim,synthetic_toy_only_not_real_bio,not_a_proof; evidence_classification_only,no
192,viruse_fabric/experiments/exp_266_safe_toy_simulation_safety_guard_module.py,exp_266_safe_toy_simulation_safety_guard_module,none,IRRELEVANT_OR_UNUSABLE,not clearly mappable to VF-H2 proof claim,synthetic_toy_only_not_real_bio,not_a_proof; evidence_classification_only,no
193,viruse_fabric/experiments/exp_267_safe_toy_simulation_safety_guard_unit_test_package.py,exp_267_safe_toy_simulation_safety_guard_unit_test_package,none,IRRELEVANT_OR_UNUSABLE,not clearly mappable to VF-H2 proof claim,synthetic_toy_only_not_real_bio,not_a_proof; evidence_classification_only,no
194,viruse_fabric/experiments/exp_268_safe_synthetic_toy_fixture_catalog_package.py,exp_268_safe_synthetic_toy_fixture_catalog_package,none,IRRELEVANT_OR_UNUSABLE,not clearly mappable to VF-H2 proof claim,synthetic_toy_only_not_real_bio,not_a_proof; evidence_classification_only,no
195,viruse_fabric/experiments/exp_269_safe_abstract_toy_dynamics_kernel_implementation.py,exp_269_safe_abstract_toy_dynamics_kernel_implementation,none,IRRELEVANT_OR_UNUSABLE,not clearly mappable to VF-H2 proof claim,synthetic_toy_only_not_real_bio,not_a_proof; evidence_classification_only,no
196,viruse_fabric/experiments/exp_26_parameter_sensitivity.py,exp_26_parameter_sensitivity,CLAIM-VF-H2-B,SENSITIVITY_CHECK,checks synthetic toy stability under parameter or constraint variation,synthetic_toy_only_not_real_bio,not_a_proof; evidence_classification_only,yes_if_outputs_exist
197,viruse_fabric/experiments/exp_270_safe_abstract_toy_dynamics_kernel_unit_test_package.py,exp_270_safe_abstract_toy_dynamics_kernel_unit_test_package,none,IRRELEVANT_OR_UNUSABLE,not clearly mappable to VF-H2 proof claim,synthetic_toy_only_not_real_bio,not_a_proof; evidence_classification_only,no
198,viruse_fabric/experiments/exp_271_safe_abstract_toy_dynamics_run_export_and_metrics_report.py,exp_271_safe_abstract_toy_dynamics_run_export_and_metrics_report,none,IRRELEVANT_OR_UNUSABLE,not clearly mappable to VF-H2 proof claim,synthetic_toy_only_not_real_bio,not_a_proof; evidence_classification_only,no
199,viruse_fabric/experiments/exp_272_safe_abstract_toy_constraint_sensitivity_sweep.py,exp_272_safe_abstract_toy_constraint_sensitivity_sweep,CLAIM-VF-H2-C-or-D,TESTS_BOUNDARY,tests restricted assumptions or boundary of generalization,synthetic_toy_only_not_real_bio,not_a_proof; evidence_classification_only,yes_boundary_only
200,viruse_fabric/experiments/exp_273_safe_abstract_toy_sensitivity_ranking_and_baseline_delta_analysis.py,exp_273_safe_abstract_toy_sensitivity_ranking_and_baseline_delta_analysis,CLAIM-VF-H2-B,SENSITIVITY_CHECK,checks synthetic toy stability under parameter or constraint variation,synthetic_toy_only_not_real_bio,not_a_proof; evidence_classification_only,yes_if_outputs_exist
201,viruse_fabric/experiments/exp_274_safe_abstract_toy_figure_ready_interpretation_package.py,exp_274_safe_abstract_toy_figure_ready_interpretation_package,none,IRRELEVANT_OR_UNUSABLE,not clearly mappable to VF-H2 proof claim,synthetic_toy_only_not_real_bio,not_a_proof; evidence_classification_only,no
202,viruse_fabric/experiments/exp_275_safe_abstract_toy_results_paragraph_and_caption_package.py,exp_275_safe_abstract_toy_results_paragraph_and_caption_package,none,IRRELEVANT_OR_UNUSABLE,not clearly mappable to VF-H2 proof claim,synthetic_toy_only_not_real_bio,not_a_proof; evidence_classification_only,no
203,viruse_fabric/experiments/exp_276_safe_abstract_toy_manuscript_integration_map.py,exp_276_safe_abstract_toy_manuscript_integration_map,none,IRRELEVANT_OR_UNUSABLE,writing_or_ledger_artifact_not_direct_experiment_evidence,synthetic_toy_only_not_real_bio,not_a_proof; evidence_classification_only,no
204,viruse_fabric/experiments/exp_277_safe_abstract_toy_manuscript_consistency_audit.py,exp_277_safe_abstract_toy_manuscript_consistency_audit,none,IRRELEVANT_OR_UNUSABLE,writing_or_ledger_artifact_not_direct_experiment_evidence,synthetic_toy_only_not_real_bio,not_a_proof; evidence_classification_only,no
205,viruse_fabric/experiments/exp_278_safe_abstract_toy_manuscript_patch_proposal.py,exp_278_safe_abstract_toy_manuscript_patch_proposal,none,IRRELEVANT_OR_UNUSABLE,writing_or_ledger_artifact_not_direct_experiment_evidence,synthetic_toy_only_not_real_bio,not_a_proof; evidence_classification_only,no
206,viruse_fabric/experiments/exp_279_safe_abstract_toy_manuscript_patch_dry_run_package.py,exp_279_safe_abstract_toy_manuscript_patch_dry_run_package,none,IRRELEVANT_OR_UNUSABLE,writing_or_ledger_artifact_not_direct_experiment_evidence,synthetic_toy_only_not_real_bio,not_a_proof; evidence_classification_only,no
207,viruse_fabric/experiments/exp_27_adversarial_sensitivity.py,exp_27_adversarial_sensitivity,CLAIM-VF-H2-C-or-D,TESTS_BOUNDARY,tests restricted assumptions or boundary of generalization,synthetic_toy_only_not_real_bio,not_a_proof; evidence_classification_only,yes_boundary_only
208,viruse_fabric/experiments/exp_280_safe_abstract_toy_manuscript_patch_application_readiness_gate.py,exp_280_safe_abstract_toy_manuscript_patch_application_readiness_gate,none,IRRELEVANT_OR_UNUSABLE,writing_or_ledger_artifact_not_direct_experiment_evidence,synthetic_toy_only_not_real_bio,not_a_proof; evidence_classification_only,no
209,viruse_fabric/experiments/exp_281_safe_abstract_toy_manuscript_patch_application_plan.py,exp_281_safe_abstract_toy_manuscript_patch_application_plan,none,IRRELEVANT_OR_UNUSABLE,writing_or_ledger_artifact_not_direct_experiment_evidence,synthetic_toy_only_not_real_bio,not_a_proof; evidence_classification_only,no
210,viruse_fabric/experiments/exp_282_safe_abstract_toy_manuscript_patch_application_checklist.py,exp_282_safe_abstract_toy_manuscript_patch_application_checklist,none,IRRELEVANT_OR_UNUSABLE,writing_or_ledger_artifact_not_direct_experiment_evidence,synthetic_toy_only_not_real_bio,not_a_proof; evidence_classification_only,no
211,viruse_fabric/experiments/exp_283_safe_abstract_toy_manuscript_patch_application_checklist_audit.py,exp_283_safe_abstract_toy_manuscript_patch_application_checklist_audit,none,IRRELEVANT_OR_UNUSABLE,writing_or_ledger_artifact_not_direct_experiment_evidence,synthetic_toy_only_not_real_bio,not_a_proof; evidence_classification_only,no
212,viruse_fabric/experiments/exp_284_safe_abstract_toy_manuscript_patch_application_decision_ledger.py,exp_284_safe_abstract_toy_manuscript_patch_application_decision_ledger,none,IRRELEVANT_OR_UNUSABLE,writing_or_ledger_artifact_not_direct_experiment_evidence,synthetic_toy_only_not_real_bio,not_a_proof; evidence_classification_only,no
213,viruse_fabric/experiments/exp_285_safe_abstract_toy_manuscript_patch_application_decision_ledger_audit.py,exp_285_safe_abstract_toy_manuscript_patch_application_decision_ledger_audit,none,IRRELEVANT_OR_UNUSABLE,writing_or_ledger_artifact_not_direct_experiment_evidence,synthetic_toy_only_not_real_bio,not_a_proof; evidence_classification_only,no
214,viruse_fabric/experiments/exp_286_safe_abstract_toy_manuscript_patch_application_decision_ledger_audit_finding_register.py,exp_286_safe_abstract_toy_manuscript_patch_application_decision_ledger_audit_finding_register,none,IRRELEVANT_OR_UNUSABLE,writing_or_ledger_artifact_not_direct_experiment_evidence,synthetic_toy_only_not_real_bio,not_a_proof; evidence_classification_only,no
215,viruse_fabric/experiments/exp_287_safe_abstract_toy_manuscript_patch_application_decision_ledger_audit_finding_register_consistency_audit.py,exp_287_safe_abstract_toy_manuscript_patch_application_decision_ledger_audit_finding_register_consistency_audit,none,IRRELEVANT_OR_UNUSABLE,writing_or_ledger_artifact_not_direct_experiment_evidence,synthetic_toy_only_not_real_bio,not_a_proof; evidence_classification_only,no
216,viruse_fabric/experiments/exp_288_safe_abstract_toy_manuscript_claim_boundary_register.py,exp_288_safe_abstract_toy_manuscript_claim_boundary_register,none,IRRELEVANT_OR_UNUSABLE,writing_or_ledger_artifact_not_direct_experiment_evidence,synthetic_toy_only_not_real_bio,not_a_proof; evidence_classification_only,no
217,viruse_fabric/experiments/exp_289_safe_abstract_toy_manuscript_claim_language_package.py,exp_289_safe_abstract_toy_manuscript_claim_language_package,none,IRRELEVANT_OR_UNUSABLE,writing_or_ledger_artifact_not_direct_experiment_evidence,synthetic_toy_only_not_real_bio,not_a_proof; evidence_classification_only,no
218,viruse_fabric/experiments/exp_28_baseline_comparison.py,exp_28_baseline_comparison,none,IRRELEVANT_OR_UNUSABLE,not clearly mappable to VF-H2 proof claim,synthetic_toy_only_not_real_bio,not_a_proof; evidence_classification_only,no
219,viruse_fabric/experiments/exp_290_safe_abstract_toy_manuscript_claim_language_package_audit.py,exp_290_safe_abstract_toy_manuscript_claim_language_package_audit,none,IRRELEVANT_OR_UNUSABLE,writing_or_ledger_artifact_not_direct_experiment_evidence,synthetic_toy_only_not_real_bio,not_a_proof; evidence_classification_only,no
220,viruse_fabric/experiments/exp_291_safe_abstract_toy_manuscript_claim_language_placement_plan.py,exp_291_safe_abstract_toy_manuscript_claim_language_placement_plan,none,IRRELEVANT_OR_UNUSABLE,writing_or_ledger_artifact_not_direct_experiment_evidence,synthetic_toy_only_not_real_bio,not_a_proof; evidence_classification_only,no
221,viruse_fabric/experiments/exp_292_safe_abstract_toy_manuscript_claim_language_placement_plan_audit.py,exp_292_safe_abstract_toy_manuscript_claim_language_placement_plan_audit,none,IRRELEVANT_OR_UNUSABLE,writing_or_ledger_artifact_not_direct_experiment_evidence,synthetic_toy_only_not_real_bio,not_a_proof; evidence_classification_only,no
222,viruse_fabric/experiments/exp_293_safe_abstract_toy_manuscript_section_draft_package.py,exp_293_safe_abstract_toy_manuscript_section_draft_package,none,IRRELEVANT_OR_UNUSABLE,writing_or_ledger_artifact_not_direct_experiment_evidence,synthetic_toy_only_not_real_bio,not_a_proof; evidence_classification_only,no
223,viruse_fabric/experiments/exp_294_safe_abstract_toy_manuscript_section_draft_package_audit.py,exp_294_safe_abstract_toy_manuscript_section_draft_package_audit,none,IRRELEVANT_OR_UNUSABLE,writing_or_ledger_artifact_not_direct_experiment_evidence,synthetic_toy_only_not_real_bio,not_a_proof; evidence_classification_only,no
224,viruse_fabric/experiments/exp_295_safe_abstract_toy_manuscript_assembly_preview_package.py,exp_295_safe_abstract_toy_manuscript_assembly_preview_package,none,IRRELEVANT_OR_UNUSABLE,writing_or_ledger_artifact_not_direct_experiment_evidence,synthetic_toy_only_not_real_bio,not_a_proof; evidence_classification_only,no
225,viruse_fabric/experiments/exp_296_safe_abstract_toy_scientific_gap_and_evidence_upgrade_register.py,exp_296_safe_abstract_toy_scientific_gap_and_evidence_upgrade_register,none,IRRELEVANT_OR_UNUSABLE,not clearly mappable to VF-H2 proof claim,synthetic_toy_only_not_real_bio,not_a_proof; evidence_classification_only,no
226,viruse_fabric/experiments/exp_297_safe_abstract_toy_evaluation_design_plan.py,exp_297_safe_abstract_toy_evaluation_design_plan,none,IRRELEVANT_OR_UNUSABLE,not clearly mappable to VF-H2 proof claim,synthetic_toy_only_not_real_bio,not_a_proof; evidence_classification_only,no
227,viruse_fabric/experiments/exp_298_safe_abstract_toy_manuscript_coherence_improvement_package.py,exp_298_safe_abstract_toy_manuscript_coherence_improvement_package,none,IRRELEVANT_OR_UNUSABLE,writing_or_ledger_artifact_not_direct_experiment_evidence,synthetic_toy_only_not_real_bio,not_a_proof; evidence_classification_only,no
228,viruse_fabric/experiments/exp_299_safe_abstract_toy_citation_slot_integration_plan.py,exp_299_safe_abstract_toy_citation_slot_integration_plan,none,IRRELEVANT_OR_UNUSABLE,writing_or_ledger_artifact_not_direct_experiment_evidence,synthetic_toy_only_not_real_bio,not_a_proof; evidence_classification_only,no
229,viruse_fabric/experiments/exp_29_projection_perturbation.py,exp_29_projection_perturbation,none,IRRELEVANT_OR_UNUSABLE,not clearly mappable to VF-H2 proof claim,synthetic_toy_only_not_real_bio,not_a_proof; evidence_classification_only,no
230,viruse_fabric/experiments/exp_300_safe_abstract_toy_citation_source_eligibility_and_query_plan.py,exp_300_safe_abstract_toy_citation_source_eligibility_and_query_plan,none,IRRELEVANT_OR_UNUSABLE,writing_or_ledger_artifact_not_direct_experiment_evidence,synthetic_toy_only_not_real_bio,not_a_proof; evidence_classification_only,no
231,viruse_fabric/experiments/exp_301_safe_abstract_toy_citation_retrieval_readiness_gate.py,exp_301_safe_abstract_toy_citation_retrieval_readiness_gate,none,IRRELEVANT_OR_UNUSABLE,writing_or_ledger_artifact_not_direct_experiment_evidence,synthetic_toy_only_not_real_bio,not_a_proof; evidence_classification_only,no
232,viruse_fabric/experiments/exp_302_safe_abstract_toy_citation_retrieval_candidate_ledger_schema.py,exp_302_safe_abstract_toy_citation_retrieval_candidate_ledger_schema,none,IRRELEVANT_OR_UNUSABLE,writing_or_ledger_artifact_not_direct_experiment_evidence,synthetic_toy_only_not_real_bio,not_a_proof; evidence_classification_only,no
233,viruse_fabric/experiments/exp_303_safe_abstract_toy_citation_retrieval_empty_candidate_ledger_instance.py,exp_303_safe_abstract_toy_citation_retrieval_empty_candidate_ledger_instance,none,IRRELEVANT_OR_UNUSABLE,writing_or_ledger_artifact_not_direct_experiment_evidence,synthetic_toy_only_not_real_bio,not_a_proof; evidence_classification_only,no
234,viruse_fabric/experiments/exp_304_safe_abstract_toy_citation_retrieval_batch_1_candidate_intake.py,exp_304_safe_abstract_toy_citation_retrieval_batch_1_candidate_intake,none,IRRELEVANT_OR_UNUSABLE,writing_or_ledger_artifact_not_direct_experiment_evidence,synthetic_toy_only_not_real_bio,not_a_proof; evidence_classification_only,no
235,viruse_fabric/experiments/exp_305_safe_abstract_toy_citation_retrieval_batch_1_source_verification_evidence_packet.py,exp_305_safe_abstract_toy_citation_retrieval_batch_1_source_verification_evidence_packet,none,IRRELEVANT_OR_UNUSABLE,writing_or_ledger_artifact_not_direct_experiment_evidence,synthetic_toy_only_not_real_bio,not_a_proof; evidence_classification_only,no
236,viruse_fabric/experiments/exp_306_safe_abstract_toy_citation_retrieval_batch_1_source_verification_decision_register.py,exp_306_safe_abstract_toy_citation_retrieval_batch_1_source_verification_decision_register,none,IRRELEVANT_OR_UNUSABLE,writing_or_ledger_artifact_not_direct_experiment_evidence,synthetic_toy_only_not_real_bio,not_a_proof; evidence_classification_only,no
237,viruse_fabric/experiments/exp_307_safe_abstract_toy_citation_retrieval_batch_1_source_acceptance_eligibility_gate.py,exp_307_safe_abstract_toy_citation_retrieval_batch_1_source_acceptance_eligibility_gate,none,IRRELEVANT_OR_UNUSABLE,writing_or_ledger_artifact_not_direct_experiment_evidence,synthetic_toy_only_not_real_bio,not_a_proof; evidence_classification_only,no
238,viruse_fabric/experiments/exp_308_safe_abstract_toy_citation_retrieval_batch_1_source_acceptance_decision_register.py,exp_308_safe_abstract_toy_citation_retrieval_batch_1_source_acceptance_decision_register,none,IRRELEVANT_OR_UNUSABLE,writing_or_ledger_artifact_not_direct_experiment_evidence,synthetic_toy_only_not_real_bio,not_a_proof; evidence_classification_only,no
239,viruse_fabric/experiments/exp_30_validation_synthesis.py,exp_30_validation_synthesis,none,IRRELEVANT_OR_UNUSABLE,not clearly mappable to VF-H2 proof claim,synthetic_toy_only_not_real_bio,not_a_proof; evidence_classification_only,no
240,viruse_fabric/experiments/exp_31_manuscript_skeleton.py,exp_31_manuscript_skeleton,none,IRRELEVANT_OR_UNUSABLE,writing_or_ledger_artifact_not_direct_experiment_evidence,synthetic_toy_only_not_real_bio,not_a_proof; evidence_classification_only,no
241,viruse_fabric/experiments/exp_32_full_manuscript_draft.py,exp_32_full_manuscript_draft,none,IRRELEVANT_OR_UNUSABLE,writing_or_ledger_artifact_not_direct_experiment_evidence,synthetic_toy_only_not_real_bio,not_a_proof; evidence_classification_only,no
242,viruse_fabric/experiments/exp_33_manuscript_quality_audit.py,exp_33_manuscript_quality_audit,none,IRRELEVANT_OR_UNUSABLE,writing_or_ledger_artifact_not_direct_experiment_evidence,synthetic_toy_only_not_real_bio,not_a_proof; evidence_classification_only,no
243,viruse_fabric/experiments/exp_34_related_work_positioning.py,exp_34_related_work_positioning,none,IRRELEVANT_OR_UNUSABLE,not clearly mappable to VF-H2 proof claim,synthetic_toy_only_not_real_bio,not_a_proof; evidence_classification_only,no
244,viruse_fabric/experiments/exp_35_formal_notation_scaffold.py,exp_35_formal_notation_scaffold,none,IRRELEVANT_OR_UNUSABLE,not clearly mappable to VF-H2 proof claim,synthetic_toy_only_not_real_bio,not_a_proof; evidence_classification_only,no
245,viruse_fabric/experiments/exp_36_manuscript_integration_plan.py,exp_36_manuscript_integration_plan,none,IRRELEVANT_OR_UNUSABLE,writing_or_ledger_artifact_not_direct_experiment_evidence,synthetic_toy_only_not_real_bio,not_a_proof; evidence_classification_only,no
246,viruse_fabric/experiments/exp_37_integrated_manuscript_draft.py,exp_37_integrated_manuscript_draft,none,IRRELEVANT_OR_UNUSABLE,writing_or_ledger_artifact_not_direct_experiment_evidence,synthetic_toy_only_not_real_bio,not_a_proof; evidence_classification_only,no
247,viruse_fabric/experiments/exp_38_integrated_manuscript_quality_audit.py,exp_38_integrated_manuscript_quality_audit,none,IRRELEVANT_OR_UNUSABLE,writing_or_ledger_artifact_not_direct_experiment_evidence,synthetic_toy_only_not_real_bio,not_a_proof; evidence_classification_only,no
248,viruse_fabric/experiments/exp_39_citation_placeholder_plan.py,exp_39_citation_placeholder_plan,none,IRRELEVANT_OR_UNUSABLE,writing_or_ledger_artifact_not_direct_experiment_evidence,synthetic_toy_only_not_real_bio,not_a_proof; evidence_classification_only,no
249,viruse_fabric/experiments/exp_40_public_technical_preview_package.py,exp_40_public_technical_preview_package,none,IRRELEVANT_OR_UNUSABLE,not clearly mappable to VF-H2 proof claim,synthetic_toy_only_not_real_bio,not_a_proof; evidence_classification_only,no
250,viruse_fabric/experiments/exp_41_public_preview_quality_audit.py,exp_41_public_preview_quality_audit,none,IRRELEVANT_OR_UNUSABLE,not clearly mappable to VF-H2 proof claim,synthetic_toy_only_not_real_bio,not_a_proof; evidence_classification_only,no
251,viruse_fabric/experiments/exp_42_one_page_public_preview.py,exp_42_one_page_public_preview,none,IRRELEVANT_OR_UNUSABLE,not clearly mappable to VF-H2 proof claim,synthetic_toy_only_not_real_bio,not_a_proof; evidence_classification_only,no
252,viruse_fabric/experiments/exp_43_one_page_public_preview_audit.py,exp_43_one_page_public_preview_audit,none,IRRELEVANT_OR_UNUSABLE,not clearly mappable to VF-H2 proof claim,synthetic_toy_only_not_real_bio,not_a_proof; evidence_classification_only,no
253,viruse_fabric/experiments/exp_44_public_release_bundle_index.py,exp_44_public_release_bundle_index,none,IRRELEVANT_OR_UNUSABLE,not clearly mappable to VF-H2 proof claim,synthetic_toy_only_not_real_bio,not_a_proof; evidence_classification_only,no
254,viruse_fabric/experiments/exp_45_public_release_checklist.py,exp_45_public_release_checklist,none,IRRELEVANT_OR_UNUSABLE,not clearly mappable to VF-H2 proof claim,synthetic_toy_only_not_real_bio,not_a_proof; evidence_classification_only,no
255,viruse_fabric/experiments/exp_46_public_release_readiness_audit.py,exp_46_public_release_readiness_audit,none,IRRELEVANT_OR_UNUSABLE,not clearly mappable to VF-H2 proof claim,synthetic_toy_only_not_real_bio,not_a_proof; evidence_classification_only,no
256,viruse_fabric/experiments/exp_47_literature_search_protocol.py,exp_47_literature_search_protocol,none,IRRELEVANT_OR_UNUSABLE,not clearly mappable to VF-H2 proof claim,synthetic_toy_only_not_real_bio,not_a_proof; evidence_classification_only,no
257,viruse_fabric/experiments/exp_48_literature_family_evidence_matrix.py,exp_48_literature_family_evidence_matrix,none,IRRELEVANT_OR_UNUSABLE,not clearly mappable to VF-H2 proof claim,synthetic_toy_only_not_real_bio,not_a_proof; evidence_classification_only,no
258,viruse_fabric/experiments/exp_49_claim_to_citation_readiness_map.py,exp_49_claim_to_citation_readiness_map,none,IRRELEVANT_OR_UNUSABLE,writing_or_ledger_artifact_not_direct_experiment_evidence,synthetic_toy_only_not_real_bio,not_a_proof; evidence_classification_only,no
259,viruse_fabric/experiments/exp_50_citation_grounded_manuscript_revision_plan.py,exp_50_citation_grounded_manuscript_revision_plan,none,IRRELEVANT_OR_UNUSABLE,writing_or_ledger_artifact_not_direct_experiment_evidence,synthetic_toy_only_not_real_bio,not_a_proof; evidence_classification_only,no
260,viruse_fabric/experiments/exp_51_literature_search_log_template.py,exp_51_literature_search_log_template,none,IRRELEVANT_OR_UNUSABLE,not clearly mappable to VF-H2 proof claim,synthetic_toy_only_not_real_bio,not_a_proof; evidence_classification_only,no
261,viruse_fabric/experiments/exp_52_empty_literature_search_log.py,exp_52_empty_literature_search_log,none,IRRELEVANT_OR_UNUSABLE,not clearly mappable to VF-H2 proof claim,synthetic_toy_only_not_real_bio,not_a_proof; evidence_classification_only,no
262,viruse_fabric/experiments/exp_53_empty_search_log_audit.py,exp_53_empty_search_log_audit,none,IRRELEVANT_OR_UNUSABLE,not clearly mappable to VF-H2 proof claim,synthetic_toy_only_not_real_bio,not_a_proof; evidence_classification_only,no
263,viruse_fabric/experiments/exp_54_first_literature_family_search_plan.py,exp_54_first_literature_family_search_plan,none,IRRELEVANT_OR_UNUSABLE,not clearly mappable to VF-H2 proof claim,synthetic_toy_only_not_real_bio,not_a_proof; evidence_classification_only,no
264,viruse_fabric/experiments/exp_55_first_search_run_artifact.py,exp_55_first_search_run_artifact,none,IRRELEVANT_OR_UNUSABLE,not clearly mappable to VF-H2 proof claim,synthetic_toy_only_not_real_bio,not_a_proof; evidence_classification_only,no
265,viruse_fabric/experiments/exp_56_first_search_run_artifact_audit.py,exp_56_first_search_run_artifact_audit,none,IRRELEVANT_OR_UNUSABLE,not clearly mappable to VF-H2 proof claim,synthetic_toy_only_not_real_bio,not_a_proof; evidence_classification_only,no
266,viruse_fabric/experiments/exp_57_first_controlled_live_search_execution.py,exp_57_first_controlled_live_search_execution,none,IRRELEVANT_OR_UNUSABLE,not clearly mappable to VF-H2 proof claim,synthetic_toy_only_not_real_bio,not_a_proof; evidence_classification_only,no
267,viruse_fabric/experiments/exp_58_first_raw_result_screening_plan.py,exp_58_first_raw_result_screening_plan,none,IRRELEVANT_OR_UNUSABLE,not clearly mappable to VF-H2 proof claim,synthetic_toy_only_not_real_bio,not_a_proof; evidence_classification_only,no
268,viruse_fabric/experiments/exp_59_first_raw_result_screening_execution.py,exp_59_first_raw_result_screening_execution,none,IRRELEVANT_OR_UNUSABLE,not clearly mappable to VF-H2 proof claim,synthetic_toy_only_not_real_bio,not_a_proof; evidence_classification_only,no
269,viruse_fabric/experiments/exp_60_first_candidate_source_entry_plan.py,exp_60_first_candidate_source_entry_plan,none,IRRELEVANT_OR_UNUSABLE,not clearly mappable to VF-H2 proof claim,synthetic_toy_only_not_real_bio,not_a_proof; evidence_classification_only,no
270,viruse_fabric/experiments/exp_61_first_candidate_source_entry_creation.py,exp_61_first_candidate_source_entry_creation,none,IRRELEVANT_OR_UNUSABLE,not clearly mappable to VF-H2 proof claim,synthetic_toy_only_not_real_bio,not_a_proof; evidence_classification_only,no
271,viruse_fabric/experiments/exp_62_candidate_source_metadata_audit.py,exp_62_candidate_source_metadata_audit,none,IRRELEVANT_OR_UNUSABLE,not clearly mappable to VF-H2 proof claim,synthetic_toy_only_not_real_bio,not_a_proof; evidence_classification_only,no
272,viruse_fabric/experiments/exp_63_first_retained_source_decision_plan.py,exp_63_first_retained_source_decision_plan,none,IRRELEVANT_OR_UNUSABLE,not clearly mappable to VF-H2 proof claim,synthetic_toy_only_not_real_bio,not_a_proof; evidence_classification_only,no
273,viruse_fabric/experiments/exp_64_first_retained_source_decision_execution.py,exp_64_first_retained_source_decision_execution,none,IRRELEVANT_OR_UNUSABLE,not clearly mappable to VF-H2 proof claim,synthetic_toy_only_not_real_bio,not_a_proof; evidence_classification_only,no
274,viruse_fabric/experiments/exp_65_first_retained_source_role_audit.py,exp_65_first_retained_source_role_audit,none,IRRELEVANT_OR_UNUSABLE,not clearly mappable to VF-H2 proof claim,synthetic_toy_only_not_real_bio,not_a_proof; evidence_classification_only,no
275,viruse_fabric/experiments/exp_66_first_evidence_matrix_population_plan.py,exp_66_first_evidence_matrix_population_plan,none,IRRELEVANT_OR_UNUSABLE,not clearly mappable to VF-H2 proof claim,synthetic_toy_only_not_real_bio,not_a_proof; evidence_classification_only,no
276,viruse_fabric/experiments/exp_67_first_evidence_matrix_population_execution.py,exp_67_first_evidence_matrix_population_execution,none,IRRELEVANT_OR_UNUSABLE,not clearly mappable to VF-H2 proof claim,synthetic_toy_only_not_real_bio,not_a_proof; evidence_classification_only,no
277,viruse_fabric/experiments/exp_68_first_evidence_matrix_row_audit.py,exp_68_first_evidence_matrix_row_audit,none,IRRELEVANT_OR_UNUSABLE,not clearly mappable to VF-H2 proof claim,synthetic_toy_only_not_real_bio,not_a_proof; evidence_classification_only,no
278,viruse_fabric/experiments/exp_69_first_citation_integration_plan.py,exp_69_first_citation_integration_plan,none,IRRELEVANT_OR_UNUSABLE,writing_or_ledger_artifact_not_direct_experiment_evidence,synthetic_toy_only_not_real_bio,not_a_proof; evidence_classification_only,no
279,viruse_fabric/experiments/exp_70_first_citation_integration_execution.py,exp_70_first_citation_integration_execution,none,IRRELEVANT_OR_UNUSABLE,writing_or_ledger_artifact_not_direct_experiment_evidence,synthetic_toy_only_not_real_bio,not_a_proof; evidence_classification_only,no
280,viruse_fabric/experiments/exp_71_first_citation_record_audit.py,exp_71_first_citation_record_audit,none,IRRELEVANT_OR_UNUSABLE,writing_or_ledger_artifact_not_direct_experiment_evidence,synthetic_toy_only_not_real_bio,not_a_proof; evidence_classification_only,no
281,viruse_fabric/experiments/exp_72_first_manuscript_citation_insertion_plan.py,exp_72_first_manuscript_citation_insertion_plan,none,IRRELEVANT_OR_UNUSABLE,writing_or_ledger_artifact_not_direct_experiment_evidence,synthetic_toy_only_not_real_bio,not_a_proof; evidence_classification_only,no
282,viruse_fabric/experiments/exp_73_first_manuscript_citation_insertion_execution.py,exp_73_first_manuscript_citation_insertion_execution,none,IRRELEVANT_OR_UNUSABLE,writing_or_ledger_artifact_not_direct_experiment_evidence,synthetic_toy_only_not_real_bio,not_a_proof; evidence_classification_only,no
283,viruse_fabric/experiments/exp_74_first_manuscript_citation_marker_audit.py,exp_74_first_manuscript_citation_marker_audit,none,IRRELEVANT_OR_UNUSABLE,writing_or_ledger_artifact_not_direct_experiment_evidence,synthetic_toy_only_not_real_bio,not_a_proof; evidence_classification_only,no
284,viruse_fabric/experiments/exp_75_first_citation_grounded_manuscript_claim_revision_plan.py,exp_75_first_citation_grounded_manuscript_claim_revision_plan,none,IRRELEVANT_OR_UNUSABLE,writing_or_ledger_artifact_not_direct_experiment_evidence,synthetic_toy_only_not_real_bio,not_a_proof; evidence_classification_only,no
285,viruse_fabric/experiments/exp_76_first_citation_grounded_manuscript_claim_revision_execution.py,exp_76_first_citation_grounded_manuscript_claim_revision_execution,none,IRRELEVANT_OR_UNUSABLE,writing_or_ledger_artifact_not_direct_experiment_evidence,synthetic_toy_only_not_real_bio,not_a_proof; evidence_classification_only,no
286,viruse_fabric/experiments/exp_77_first_bounded_revised_claim_audit.py,exp_77_first_bounded_revised_claim_audit,none,IRRELEVANT_OR_UNUSABLE,not clearly mappable to VF-H2 proof claim,synthetic_toy_only_not_real_bio,not_a_proof; evidence_classification_only,no
287,viruse_fabric/experiments/exp_78_first_full_manuscript_revision_package_plan.py,exp_78_first_full_manuscript_revision_package_plan,none,IRRELEVANT_OR_UNUSABLE,writing_or_ledger_artifact_not_direct_experiment_evidence,synthetic_toy_only_not_real_bio,not_a_proof; evidence_classification_only,no
288,viruse_fabric/experiments/exp_79_first_full_manuscript_revision_package_execution.py,exp_79_first_full_manuscript_revision_package_execution,none,IRRELEVANT_OR_UNUSABLE,writing_or_ledger_artifact_not_direct_experiment_evidence,synthetic_toy_only_not_real_bio,not_a_proof; evidence_classification_only,no
289,viruse_fabric/experiments/exp_80_first_full_manuscript_revision_package_audit.py,exp_80_first_full_manuscript_revision_package_audit,none,IRRELEVANT_OR_UNUSABLE,writing_or_ledger_artifact_not_direct_experiment_evidence,synthetic_toy_only_not_real_bio,not_a_proof; evidence_classification_only,no
290,viruse_fabric/experiments/exp_81_first_submission_readiness_criteria_plan.py,exp_81_first_submission_readiness_criteria_plan,none,IRRELEVANT_OR_UNUSABLE,not clearly mappable to VF-H2 proof claim,synthetic_toy_only_not_real_bio,not_a_proof; evidence_classification_only,no
291,viruse_fabric/experiments/exp_82_first_submission_readiness_audit_execution.py,exp_82_first_submission_readiness_audit_execution,none,IRRELEVANT_OR_UNUSABLE,not clearly mappable to VF-H2 proof claim,synthetic_toy_only_not_real_bio,not_a_proof; evidence_classification_only,no
292,viruse_fabric/experiments/exp_83_manuscript_submission_readiness_decision_plan.py,exp_83_manuscript_submission_readiness_decision_plan,none,IRRELEVANT_OR_UNUSABLE,writing_or_ledger_artifact_not_direct_experiment_evidence,synthetic_toy_only_not_real_bio,not_a_proof; evidence_classification_only,no
293,viruse_fabric/experiments/exp_84_manuscript_submission_readiness_decision_execution.py,exp_84_manuscript_submission_readiness_decision_execution,none,IRRELEVANT_OR_UNUSABLE,writing_or_ledger_artifact_not_direct_experiment_evidence,synthetic_toy_only_not_real_bio,not_a_proof; evidence_classification_only,no
294,viruse_fabric/experiments/exp_85_manuscript_submission_readiness_blocking_gap_register.py,exp_85_manuscript_submission_readiness_blocking_gap_register,none,IRRELEVANT_OR_UNUSABLE,writing_or_ledger_artifact_not_direct_experiment_evidence,synthetic_toy_only_not_real_bio,not_a_proof; evidence_classification_only,no
295,viruse_fabric/experiments/exp_86_formal_proof_requirements_plan.py,exp_86_formal_proof_requirements_plan,none,IRRELEVANT_OR_UNUSABLE,not clearly mappable to VF-H2 proof claim,synthetic_toy_only_not_real_bio,not_a_proof; evidence_classification_only,no
296,viruse_fabric/experiments/exp_87_formal_proof_skeleton_plan.py,exp_87_formal_proof_skeleton_plan,none,IRRELEVANT_OR_UNUSABLE,not clearly mappable to VF-H2 proof claim,synthetic_toy_only_not_real_bio,not_a_proof; evidence_classification_only,no
297,viruse_fabric/experiments/exp_88_formal_definition_skeleton_audit.py,exp_88_formal_definition_skeleton_audit,none,IRRELEVANT_OR_UNUSABLE,not clearly mappable to VF-H2 proof claim,synthetic_toy_only_not_real_bio,not_a_proof; evidence_classification_only,no
298,viruse_fabric/experiments/exp_89_formal_definition_completion_criteria_plan.py,exp_89_formal_definition_completion_criteria_plan,none,IRRELEVANT_OR_UNUSABLE,not clearly mappable to VF-H2 proof claim,synthetic_toy_only_not_real_bio,not_a_proof; evidence_classification_only,no
299,viruse_fabric/experiments/exp_900_viruse_fabric_abstract_simulation_reframing.py,exp_900_viruse_fabric_abstract_simulation_reframing,CLAIM-VF-H2-A,SUPPORTS_ASSUMPTIONS,supports framing/specification of safe abstract toy assumptions,synthetic_toy_only_not_real_bio,not_a_proof; evidence_classification_only,yes_context_only
300,viruse_fabric/experiments/exp_901_viruse_fabric_abstract_simulation_specification.py,exp_901_viruse_fabric_abstract_simulation_specification,CLAIM-VF-H2-A,SUPPORTS_ASSUMPTIONS,supports framing/specification of safe abstract toy assumptions,synthetic_toy_only_not_real_bio,not_a_proof; evidence_classification_only,yes_context_only
301,viruse_fabric/experiments/exp_902_viruse_fabric_minimal_safe_toy_simulation_engine.py,exp_902_viruse_fabric_minimal_safe_toy_simulation_engine,CLAIM-VF-H2-B,SUPPORTS_CLAIM_B,implements or runs synthetic safe toy behavior consistent with proved anchor,synthetic_toy_only_not_real_bio,not_a_proof; evidence_classification_only,yes_if_scope_matches
302,viruse_fabric/experiments/exp_903_viruse_fabric_safe_toy_baseline_comparison.py,exp_903_viruse_fabric_safe_toy_baseline_comparison,none,IRRELEVANT_OR_UNUSABLE,not clearly mappable to VF-H2 proof claim,synthetic_toy_only_not_real_bio,not_a_proof; evidence_classification_only,no
303,viruse_fabric/experiments/exp_904_viruse_fabric_results_and_falsification_audit.py,exp_904_viruse_fabric_results_and_falsification_audit,none,IRRELEVANT_OR_UNUSABLE,not clearly mappable to VF-H2 proof claim,synthetic_toy_only_not_real_bio,not_a_proof; evidence_classification_only,no
304,viruse_fabric/experiments/exp_905_viruse_fabric_toy_evidence_limitation_and_manuscript_readiness_gate.py,exp_905_viruse_fabric_toy_evidence_limitation_and_manuscript_readiness_gate,none,IRRELEVANT_OR_UNUSABLE,writing_or_ledger_artifact_not_direct_experiment_evidence,synthetic_toy_only_not_real_bio,not_a_proof; evidence_classification_only,no
305,viruse_fabric/experiments/exp_906_viruse_fabric_safe_toy_scientific_yield_extraction_and_theory_reduction.py,exp_906_viruse_fabric_safe_toy_scientific_yield_extraction_and_theory_reduction,none,IRRELEVANT_OR_UNUSABLE,not clearly mappable to VF-H2 proof claim,synthetic_toy_only_not_real_bio,not_a_proof; evidence_classification_only,no
306,viruse_fabric/experiments/exp_907_viruse_fabric_safe_toy_replicate_grid_and_signal_robustness_check.py,exp_907_viruse_fabric_safe_toy_replicate_grid_and_signal_robustness_check,CLAIM-VF-H2-B,ROBUSTNESS_CHECK,checks repeated synthetic toy stability,synthetic_toy_only_not_real_bio,not_a_proof; evidence_classification_only,yes_if_outputs_exist
307,viruse_fabric/experiments/exp_908_viruse_fabric_safe_toy_parameter_sweep_and_null_control_stress_test.py,exp_908_viruse_fabric_safe_toy_parameter_sweep_and_null_control_stress_test,CLAIM-VF-H2-B,SENSITIVITY_CHECK,checks synthetic toy stability under parameter or constraint variation,synthetic_toy_only_not_real_bio,not_a_proof; evidence_classification_only,yes_if_outputs_exist
308,viruse_fabric/experiments/exp_90_formal_definition_execution_readiness_gate_plan.py,exp_90_formal_definition_execution_readiness_gate_plan,none,IRRELEVANT_OR_UNUSABLE,not clearly mappable to VF-H2 proof claim,synthetic_toy_only_not_real_bio,not_a_proof; evidence_classification_only,no
309,viruse_fabric/experiments/exp_91_formal_definition_pre_execution_checklist_plan.py,exp_91_formal_definition_pre_execution_checklist_plan,none,IRRELEVANT_OR_UNUSABLE,not clearly mappable to VF-H2 proof claim,synthetic_toy_only_not_real_bio,not_a_proof; evidence_classification_only,no
310,viruse_fabric/experiments/exp_92_formal_definition_pre_execution_checklist_audit.py,exp_92_formal_definition_pre_execution_checklist_audit,none,IRRELEVANT_OR_UNUSABLE,not clearly mappable to VF-H2 proof claim,synthetic_toy_only_not_real_bio,not_a_proof; evidence_classification_only,no
311,viruse_fabric/experiments/exp_93_formal_definition_checklist_completion_readiness_decision_plan.py,exp_93_formal_definition_checklist_completion_readiness_decision_plan,none,IRRELEVANT_OR_UNUSABLE,not clearly mappable to VF-H2 proof claim,synthetic_toy_only_not_real_bio,not_a_proof; evidence_classification_only,no
312,viruse_fabric/experiments/exp_94_formal_definition_checklist_completion_readiness_decision_execution.py,exp_94_formal_definition_checklist_completion_readiness_decision_execution,none,IRRELEVANT_OR_UNUSABLE,not clearly mappable to VF-H2 proof claim,synthetic_toy_only_not_real_bio,not_a_proof; evidence_classification_only,no
313,viruse_fabric/experiments/exp_95_formal_definition_controlled_checklist_completion_attempt_plan.py,exp_95_formal_definition_controlled_checklist_completion_attempt_plan,none,IRRELEVANT_OR_UNUSABLE,not clearly mappable to VF-H2 proof claim,synthetic_toy_only_not_real_bio,not_a_proof; evidence_classification_only,no
314,viruse_fabric/experiments/exp_96_formal_definition_controlled_checklist_completion_attempt_execution.py,exp_96_formal_definition_controlled_checklist_completion_attempt_execution,none,IRRELEVANT_OR_UNUSABLE,not clearly mappable to VF-H2 proof claim,synthetic_toy_only_not_real_bio,not_a_proof; evidence_classification_only,no
315,viruse_fabric/experiments/exp_97_formal_definition_controlled_checklist_completion_candidate_audit.py,exp_97_formal_definition_controlled_checklist_completion_candidate_audit,none,IRRELEVANT_OR_UNUSABLE,not clearly mappable to VF-H2 proof claim,synthetic_toy_only_not_real_bio,not_a_proof; evidence_classification_only,no
316,viruse_fabric/experiments/exp_98_formal_definition_checklist_completion_decision_plan.py,exp_98_formal_definition_checklist_completion_decision_plan,none,IRRELEVANT_OR_UNUSABLE,not clearly mappable to VF-H2 proof claim,synthetic_toy_only_not_real_bio,not_a_proof; evidence_classification_only,no
317,viruse_fabric/experiments/exp_99_formal_definition_checklist_completion_decision_execution.py,exp_99_formal_definition_checklist_completion_decision_execution,none,IRRELEVANT_OR_UNUSABLE,not clearly mappable to VF-H2 proof claim,synthetic_toy_only_not_real_bio,not_a_proof; evidence_classification_only,no
318,viruse_fabric/experiments/exp_independent_safe_toy_implementation_replication_v1.py,exp_independent_safe_toy_implementation_replication_v1,none,IRRELEVANT_OR_UNUSABLE,not clearly mappable to VF-H2 proof claim,synthetic_toy_only_not_real_bio,not_a_proof; evidence_classification_only,no
319,viruse_fabric/experiments/exp_limited_safe_toy_simulation_v1.py,exp_limited_safe_toy_simulation_v1,CLAIM-VF-H2-B,SUPPORTS_CLAIM_B,implements or runs synthetic safe toy behavior consistent with proved anchor,synthetic_toy_only_not_real_bio,not_a_proof; evidence_classification_only,yes_if_scope_matches
320,viruse_fabric/experiments/exp_preregistered_larger_safe_toy_robustness_check_v1.py,exp_preregistered_larger_safe_toy_robustness_check_v1,CLAIM-VF-H2-B,ROBUSTNESS_CHECK,checks repeated synthetic toy stability,synthetic_toy_only_not_real_bio,not_a_proof; evidence_classification_only,yes_if_outputs_exist
321,viruse_fabric/experiments/exp_safe_artifact_resistance_and_ablation_tests_v1.py,exp_safe_artifact_resistance_and_ablation_tests_v1,none,IRRELEVANT_OR_UNUSABLE,not clearly mappable to VF-H2 proof claim,synthetic_toy_only_not_real_bio,not_a_proof; evidence_classification_only,no
322,viruse_fabric/experiments/exp_safe_dry_run_execution_gate_v1.py,exp_safe_dry_run_execution_gate_v1,none,IRRELEVANT_OR_UNUSABLE,not clearly mappable to VF-H2 proof claim,synthetic_toy_only_not_real_bio,not_a_proof; evidence_classification_only,no
323,viruse_fabric/experiments/exp_safe_dry_run_manifest_builder_regression_v1.py,exp_safe_dry_run_manifest_builder_regression_v1,none,IRRELEVANT_OR_UNUSABLE,not clearly mappable to VF-H2 proof claim,synthetic_toy_only_not_real_bio,not_a_proof; evidence_classification_only,no
324,viruse_fabric/experiments/exp_safe_dry_run_manifest_builder_v1.py,exp_safe_dry_run_manifest_builder_v1,none,IRRELEVANT_OR_UNUSABLE,not clearly mappable to VF-H2 proof claim,synthetic_toy_only_not_real_bio,not_a_proof; evidence_classification_only,no
325,viruse_fabric/experiments/exp_safe_engine_redesign_sweep_profile_scaffold_v1.py,exp_safe_engine_redesign_sweep_profile_scaffold_v1,none,IRRELEVANT_OR_UNUSABLE,not clearly mappable to VF-H2 proof claim,synthetic_toy_only_not_real_bio,not_a_proof; evidence_classification_only,no
326,viruse_fabric/experiments/exp_safe_engine_validation_regression_v1.py,exp_safe_engine_validation_regression_v1,none,IRRELEVANT_OR_UNUSABLE,not clearly mappable to VF-H2 proof claim,synthetic_toy_only_not_real_bio,not_a_proof; evidence_classification_only,no
327,viruse_fabric/experiments/exp_safe_engine_validation_safe_sweep_profile_v1.py,exp_safe_engine_validation_safe_sweep_profile_v1,none,IRRELEVANT_OR_UNUSABLE,not clearly mappable to VF-H2 proof claim,synthetic_toy_only_not_real_bio,not_a_proof; evidence_classification_only,no
328,viruse_fabric/experiments/exp_safe_null_control_template_regression_v1.py,exp_safe_null_control_template_regression_v1,none,IRRELEVANT_OR_UNUSABLE,not clearly mappable to VF-H2 proof claim,synthetic_toy_only_not_real_bio,not_a_proof; evidence_classification_only,no
329,viruse_fabric/experiments/exp_safe_null_control_templates_v1.py,exp_safe_null_control_templates_v1,none,IRRELEVANT_OR_UNUSABLE,not clearly mappable to VF-H2 proof claim,synthetic_toy_only_not_real_bio,not_a_proof; evidence_classification_only,no
330,viruse_fabric/experiments/exp_safe_profile_engine_validation_bridge_v1.py,exp_safe_profile_engine_validation_bridge_v1,none,IRRELEVANT_OR_UNUSABLE,not clearly mappable to VF-H2 proof claim,synthetic_toy_only_not_real_bio,not_a_proof; evidence_classification_only,no
331,viruse_fabric/experiments/exp_safe_sweep_dry_run_protocol_regression_v1.py,exp_safe_sweep_dry_run_protocol_regression_v1,none,IRRELEVANT_OR_UNUSABLE,not clearly mappable to VF-H2 proof claim,synthetic_toy_only_not_real_bio,not_a_proof; evidence_classification_only,no
332,viruse_fabric/experiments/exp_safe_sweep_dry_run_protocol_v1.py,exp_safe_sweep_dry_run_protocol_v1,none,IRRELEVANT_OR_UNUSABLE,not clearly mappable to VF-H2 proof claim,synthetic_toy_only_not_real_bio,not_a_proof; evidence_classification_only,no
333,viruse_fabric/experiments/exp_safe_sweep_execution_harness_v1.py,exp_safe_sweep_execution_harness_v1,none,IRRELEVANT_OR_UNUSABLE,not clearly mappable to VF-H2 proof claim,synthetic_toy_only_not_real_bio,not_a_proof; evidence_classification_only,no
334,viruse_fabric/experiments/exp_safe_sweep_execution_plan_v1.py,exp_safe_sweep_execution_plan_v1,none,IRRELEVANT_OR_UNUSABLE,not clearly mappable to VF-H2 proof claim,synthetic_toy_only_not_real_bio,not_a_proof; evidence_classification_only,no
